width,condition,n_seeds,n_regions_mean,n_regions_min,n_regions_max,frac_gating_mean,frac_gating_min,frac_gating_max,frac_dead_mean,frac_dead_min,frac_dead_max,relu_active_fraction_mean,relu_active_fraction_min,relu_active_fraction_max,jacobian_cv_mean,jacobian_cv_min,jacobian_cv_max,rev_r2_mean,rev_r2_min,rev_r2_max,fwd_r2_mean,fwd_r2_min,fwd_r2_max,d2_whitened_at_klat_mean,d2_whitened_at_klat_min,d2_whitened_at_klat_max,d1_ceiling_mean,d1_ceiling_min,d1_ceiling_max,ood_r2_mean,ood_r2_min,ood_r2_max,spectral_concentration_legacy_mean,spectral_concentration_legacy_min,spectral_concentration_legacy_max
4,trained_wd1,5,9.0,9.0,9.0,1.0,1.0,1.0,0.0,0.0,0.0,0.742425,0.652375,0.82225,0.389512,0.253203,0.456423,0.996761,0.993098,0.999579,0.999663,0.999582,0.999753,0.999613,0.999508,0.999752,0.997152,0.993585,0.999833,0.999602,0.9995,0.999712,0.995024,0.991423,0.997829
4,trained_wd0,5,7.0,5.0,9.0,0.7,0.5,1.0,0.0,0.0,0.0,0.7737,0.663,0.9065,0.61538,0.286322,0.846726,0.915917,0.870177,0.955972,0.999923,0.999895,0.999953,0.955821,0.900709,0.986681,0.943479,0.907365,0.971095,0.999922,0.99989,0.999949,0.909652,0.861551,0.960628
4,random_init,5,15.4,15.0,16.0,1.0,1.0,1.0,0.0,0.0,0.0,0.4638,0.41975,0.521625,0.983348,0.71149,1.204995,0.180719,0.116121,0.301423,0.31163,0.228306,0.460692,0.158648,0.134601,0.21974,0.890415,0.854011,0.940191,0.150048,-0.064842,0.369998,0.156922,0.10465,0.263409
8,trained_wd1,5,51.0,32.0,60.0,0.975,0.875,1.0,0.025,0.0,0.125,0.627163,0.594437,0.69275,0.46937,0.342076,0.661803,0.997155,0.994895,0.998962,0.999865,0.999857,0.999873,0.999778,0.999712,0.999839,0.997387,0.99515,0.999122,0.999816,0.999747,0.999849,0.99557,0.994173,0.99751
8,trained_wd0,5,36.8,32.0,44.0,0.975,0.875,1.0,0.025,0.0,0.125,0.545238,0.48325,0.631313,0.691257,0.550917,0.87662,0.809282,0.756311,0.905358,0.999945,0.999933,0.999955,0.967599,0.920991,0.991295,0.831458,0.776135,0.916243,0.999934,0.999918,0.99995,0.805377,0.744066,0.903276
8,random_init,5,98.6,82.0,121.0,1.0,1.0,1.0,0.0,0.0,0.0,0.492038,0.421438,0.57275,0.840437,0.753273,1.017927,0.193984,0.112019,0.314659,0.562139,0.487726,0.626715,0.168215,0.050207,0.274421,0.725839,0.568492,0.799487,0.202257,0.107086,0.409533,0.146464,0.024842,0.261444
16,trained_wd1,5,224.8,208.0,246.0,1.0,1.0,1.0,0.0,0.0,0.0,0.6328,0.574562,0.655813,0.347813,0.226432,0.429293,0.997775,0.994654,0.999257,0.999928,0.999895,0.99994,0.999903,0.999878,0.999914,0.997877,0.994787,0.999349,0.999904,0.999861,0.999923,0.996456,0.993355,0.997654
16,trained_wd0,5,161.4,151.0,170.0,1.0,1.0,1.0,0.0,0.0,0.0,0.412956,0.337313,0.44725,0.846316,0.745405,0.947957,0.718331,0.647435,0.758179,0.999962,0.999957,0.999965,0.952011,0.925308,0.98427,0.742076,0.664472,0.790967,0.999934,0.999909,0.999961,0.707217,0.641755,0.745951
16,random_init,5,363.8,334.0,414.0,1.0,1.0,1.0,0.0,0.0,0.0,0.496131,0.42325,0.532312,0.853943,0.764309,0.903006,0.220903,0.138822,0.264279,0.764377,0.666583,0.827279,0.28501,0.211819,0.346029,0.576772,0.511107,0.679656,0.403949,0.222139,0.629716,0.161232,0.090291,0.221526
32,trained_wd1,5,617.4,575.0,643.0,0.99375,0.96875,1.0,0.00625,0.0,0.03125,0.572344,0.533234,0.616,0.45749,0.344222,0.60141,0.994541,0.992718,0.996051,0.999962,0.999956,0.999966,0.999888,0.999799,0.999926,0.994671,0.992867,0.996149,0.999923,0.999911,0.999947,0.993346,0.991447,0.994988
32,trained_wd0,5,435.6,414.0,478.0,0.975,0.9375,1.0,0.00625,0.0,0.03125,0.354359,0.338,0.366984,0.924978,0.876442,0.973888,0.708958,0.675097,0.771205,0.999979,0.999978,0.99998,0.980812,0.966297,0.993231,0.721109,0.685979,0.788076,0.999849,0.999644,0.999959,0.707663,0.668621,0.77324
32,random_init,5,853.6,800.0,904.0,0.99375,0.96875,1.0,0.0,0.0,0.0,0.503322,0.474703,0.542813,0.823628,0.782968,0.904205,0.201739,0.109183,0.247183,0.941206,0.915101,0.96037,0.296046,0.032553,0.492472,0.438419,0.399828,0.50221,0.487294,0.045953,0.692523,0.127203,0.014355,0.193199
64,trained_wd1,5,1105.0,1089.0,1120.0,0.99375,0.984375,1.0,0.003125,0.0,0.015625,0.500155,0.477242,0.519859,0.41422,0.359665,0.528653,0.997053,0.995488,0.998124,0.999973,0.99997,0.999978,0.999932,0.999898,0.999947,0.997126,0.995597,0.998186,0.999919,0.999862,0.999947,0.995856,0.994524,0.99684
64,trained_wd0,5,920.4,900.0,944.0,0.94375,0.90625,0.984375,0.00625,0.0,0.015625,0.301964,0.28043,0.319852,0.958487,0.924111,1.008421,0.658266,0.617194,0.688173,0.999985,0.999982,0.999987,0.992256,0.987744,0.995968,0.663967,0.6242,0.69169,0.999729,0.999603,0.999879,0.655278,0.613705,0.686205
64,random_init,5,1433.0,1413.0,1456.0,1.0,1.0,1.0,0.0,0.0,0.0,0.503419,0.468648,0.534797,0.855553,0.82031,0.876652,0.200459,0.171404,0.233669,0.990703,0.985298,0.994791,0.307388,0.185526,0.447151,0.359227,0.310754,0.403242,0.687891,0.604095,0.774327,0.11724,0.071936,0.154354
128,trained_wd1,5,1367.6,1305.0,1414.0,0.9875,0.984375,0.992188,0.007812,0.0,0.015625,0.389084,0.370344,0.396086,0.635494,0.522823,0.713869,0.998242,0.997935,0.99867,0.999965,0.999937,0.999978,0.999836,0.999747,0.999923,0.998408,0.99812,0.998828,0.99973,0.99954,0.999828,0.997146,0.996695,0.99743
128,trained_wd0,5,1493.8,1469.0,1523.0,0.890625,0.867188,0.921875,0.020313,0.007812,0.03125,0.249344,0.241684,0.26175,0.995964,0.93223,1.02526,0.673057,0.65702,0.698252,0.999988,0.999981,0.999991,0.995438,0.9906,0.998143,0.676701,0.663352,0.700246,0.999142,0.998373,0.999611,0.671604,0.654544,0.697873
128,random_init,5,1799.8,1788.0,1821.0,0.998437,0.992188,1.0,0.0,0.0,0.0,0.503621,0.481539,0.529918,0.836275,0.821121,0.853023,0.200658,0.179406,0.226385,0.998816,0.998703,0.999087,0.402454,0.274233,0.600832,0.30083,0.265583,0.33584,0.780375,0.7132,0.837752,0.124772,0.08578,0.168998
256,trained_wd1,5,1713.8,1690.0,1731.0,0.95625,0.945312,0.96875,0.020313,0.003906,0.027344,0.309994,0.294252,0.322578,0.748875,0.692016,0.783117,0.998759,0.998276,0.999047,0.999982,0.999977,0.999986,0.99985,0.999739,0.999937,0.99891,0.99834,0.999163,0.999787,0.99961,0.999942,0.997658,0.996852,0.998485
256,trained_wd0,5,1807.8,1763.0,1845.0,0.807813,0.765625,0.851562,0.060156,0.046875,0.074219,0.199309,0.184666,0.20749,1.017628,0.995857,1.030074,0.728825,0.704857,0.740229,0.999993,0.999989,0.999995,0.998985,0.998622,0.99927,0.730104,0.706202,0.741686,0.998756,0.99808,0.999216,0.727984,0.704736,0.738678
256,random_init,5,1949.6,1945.0,1957.0,0.995313,0.988281,1.0,0.0,0.0,0.0,0.504869,0.498549,0.514711,0.831184,0.802627,0.8552,0.209877,0.191058,0.225407,0.999821,0.999808,0.999832,0.571429,0.354887,0.676541,0.278844,0.242129,0.298416,0.861304,0.84137,0.889041,0.156731,0.114328,0.18036
512,trained_wd1,5,1908.6,1897.0,1923.0,0.933594,0.921875,0.947266,0.038672,0.029297,0.044922,0.264775,0.244159,0.273261,0.830867,0.734602,0.931244,0.99741,0.996687,0.998392,0.999979,0.999971,0.999986,0.999813,0.999669,0.999921,0.997599,0.996829,0.998472,0.999799,0.999677,0.99991,0.996249,0.995526,0.997617
512,trained_wd0,5,1916.8,1900.0,1938.0,0.719141,0.6875,0.744141,0.122266,0.103516,0.136719,0.153398,0.146996,0.162706,1.066047,1.044327,1.084718,0.701338,0.688863,0.71073,0.999997,0.999993,0.999998,0.999045,0.998808,0.999291,0.70263,0.690146,0.711904,0.998395,0.997227,0.999427,0.700448,0.68746,0.710148
512,random_init,5,1986.0,1981.0,1989.0,0.998437,0.996094,1.0,0.000391,0.0,0.001953,0.501691,0.494121,0.50741,0.821909,0.794289,0.859514,0.207493,0.188417,0.221467,0.999967,0.999965,0.999968,0.595603,0.346644,0.703771,0.26427,0.249008,0.278264,0.890056,0.879818,0.892889,0.154705,0.091147,0.189032
1024,trained_wd1,5,1988.2,1983.0,1992.0,0.936719,0.911133,0.967773,0.035937,0.018555,0.048828,0.268297,0.243833,0.307583,0.657273,0.463013,0.721632,0.995561,0.993876,0.996781,0.999981,0.999978,0.999985,0.99985,0.999758,0.999908,0.995723,0.994041,0.997034,0.999826,0.999659,0.999925,0.994609,0.992972,0.995764
1024,trained_wd0,5,1986.2,1979.0,1995.0,0.790039,0.733398,0.875977,0.068164,0.038086,0.101562,0.158252,0.134754,0.201753,1.083768,1.046899,1.110558,0.785602,0.772793,0.801739,0.999998,0.999998,0.999999,0.982952,0.962885,0.993118,0.796679,0.777896,0.811157,0.995709,0.99346,0.997451,0.781422,0.772567,0.795926
1024,random_init,5,1997.2,1996.0,1999.0,0.998047,0.996094,0.999023,0.000391,0.0,0.000977,0.500512,0.494773,0.503129,0.826335,0.801251,0.841744,0.213343,0.203692,0.223088,0.999994,0.999993,0.999994,0.712743,0.668914,0.793422,0.257857,0.243454,0.268245,0.892245,0.883571,0.906463,0.181064,0.161653,0.202435
