seed,cond,wd,width,k,S
0,random,,1024,1,0.7981159965332688
0,random,,1024,2,0.7934215521835157
0,random,,1024,3,0.5280850556657328
0,random,,1024,4,0.4155887138163137
0,random,,1024,6,0.2870113349033384
0,random,,1024,8,0.22927254746786796
0,random,,1024,12,0.16143457785553628
0,random,,1024,16,0.12156899841445756
0,random,,1024,24,0.08121769350269903
0,random,,1024,32,0.061857279630144535
0,random,,1024,64,0.030800799830560943
0,random,,1024,128,0.01498343030904048
0,random,,1024,256,0.007088573764381989
0,random,,1024,512,0.0030762844531699862
0,trained,0.0,1024,1,0.982356730757028
0,trained,0.0,1024,2,0.9875140007170256
0,trained,0.0,1024,3,0.6629372987780178
0,trained,0.0,1024,4,0.49756928588834004
0,trained,0.0,1024,6,0.3315905977434679
0,trained,0.0,1024,8,0.2509673633272024
0,trained,0.0,1024,12,0.1663697524999428
0,trained,0.0,1024,16,0.12420519276669151
0,trained,0.0,1024,24,0.08289723038538999
0,trained,0.0,1024,32,0.062497561099657095
0,trained,0.0,1024,64,0.030897066082701263
0,trained,0.0,1024,128,0.014962785347487295
0,trained,0.0,1024,256,0.007061533682248378
0,trained,0.0,1024,512,0.0031074562636035363
0,trained,1.0,1024,1,0.9999100683935987
0,trained,1.0,1024,2,0.9998694723904348
0,trained,1.0,1024,3,0.6752486109866298
0,trained,1.0,1024,4,0.5024555444213492
0,trained,1.0,1024,6,0.33891603789975755
0,trained,1.0,1024,8,0.25375072777819585
0,trained,1.0,1024,12,0.1682860242554267
0,trained,1.0,1024,16,0.12632481126794148
0,trained,1.0,1024,24,0.08367826297030578
0,trained,1.0,1024,32,0.06260385389451661
0,trained,1.0,1024,64,0.03999082172950008
0,trained,1.0,1024,128,0.0340367020778054
0,trained,1.0,1024,256,0.02752472005542983
0,trained,1.0,1024,512,0.01806991307528305
1,random,,1024,1,0.6863172442864579
1,random,,1024,2,0.6944071365645383
1,random,,1024,3,0.47773723429560944
1,random,,1024,4,0.3828359391748095
1,random,,1024,6,0.27091436987263273
1,random,,1024,8,0.22328747019568762
1,random,,1024,12,0.15999155882447558
1,random,,1024,16,0.12096041692275972
1,random,,1024,24,0.08148741082968158
1,random,,1024,32,0.06174590332259289
1,random,,1024,64,0.030782327691947775
1,random,,1024,128,0.014971234590206217
1,random,,1024,256,0.007014306367321255
1,random,,1024,512,0.003081736412065661
1,trained,0.0,1024,1,0.9896936311052668
1,trained,0.0,1024,2,0.9842060483305721
1,trained,0.0,1024,3,0.6623247832773163
1,trained,0.0,1024,4,0.49999726630156016
1,trained,0.0,1024,6,0.3350693784046779
1,trained,0.0,1024,8,0.25025294151910726
1,trained,0.0,1024,12,0.16614360553681795
1,trained,0.0,1024,16,0.12470486628780098
1,trained,0.0,1024,24,0.08317753207767686
1,trained,0.0,1024,32,0.06239261535051499
1,trained,0.0,1024,64,0.030831463763823064
1,trained,0.0,1024,128,0.014952010651706815
1,trained,0.0,1024,256,0.007069500937314732
1,trained,0.0,1024,512,0.0031385218172886864
1,trained,1.0,1024,1,0.9999331052120992
1,trained,1.0,1024,2,0.9999083064556599
1,trained,1.0,1024,3,0.6660782542210376
1,trained,1.0,1024,4,0.5013483478114659
1,trained,1.0,1024,6,0.33457261138767613
1,trained,1.0,1024,8,0.2533324823129033
1,trained,1.0,1024,12,0.1680772463341168
1,trained,1.0,1024,16,0.12444188365963649
1,trained,1.0,1024,24,0.08260236037446389
1,trained,1.0,1024,32,0.062013980597497964
1,trained,1.0,1024,64,0.04046929453510706
1,trained,1.0,1024,128,0.033871177054806134
1,trained,1.0,1024,256,0.026283675667480577
1,trained,1.0,1024,512,0.01709566431614462
2,random,,1024,1,0.7647180568191987
2,random,,1024,2,0.6689140896821213
2,random,,1024,3,0.5129789182203761
2,random,,1024,4,0.3953152137266718
2,random,,1024,6,0.2839846150675076
2,random,,1024,8,0.2188190464170905
2,random,,1024,12,0.15941575409411568
2,random,,1024,16,0.12006688163475121
2,random,,1024,24,0.08211659416874262
2,random,,1024,32,0.06195161250297854
2,random,,1024,64,0.030808525291236344
2,random,,1024,128,0.014930717120498205
2,random,,1024,256,0.007074429090458523
2,random,,1024,512,0.003151291937643963
2,trained,0.0,1024,1,0.994163990303117
2,trained,0.0,1024,2,0.9931184368796023
2,trained,0.0,1024,3,0.6650866306223273
2,trained,0.0,1024,4,0.4960690095798267
2,trained,0.0,1024,6,0.3366133542926495
2,trained,0.0,1024,8,0.2520807767577816
2,trained,0.0,1024,12,0.16615467219125202
2,trained,0.0,1024,16,0.12498097079634485
2,trained,0.0,1024,24,0.08261138610657004
2,trained,0.0,1024,32,0.0621474708611901
2,trained,0.0,1024,64,0.030815929214829785
2,trained,0.0,1024,128,0.015006660468733668
2,trained,0.0,1024,256,0.007029342774853564
2,trained,0.0,1024,512,0.0030831440748766425
2,trained,1.0,1024,1,0.9996922406900942
2,trained,1.0,1024,2,0.9997579300598757
2,trained,1.0,1024,3,0.6708976526549569
2,trained,1.0,1024,4,0.5071135449683315
2,trained,1.0,1024,6,0.3361444838255859
2,trained,1.0,1024,8,0.25126817879397845
2,trained,1.0,1024,12,0.1678189974568517
2,trained,1.0,1024,16,0.12626330285906873
2,trained,1.0,1024,24,0.08402470251775906
2,trained,1.0,1024,32,0.06285736363127647
2,trained,1.0,1024,64,0.03773956906861442
2,trained,1.0,1024,128,0.03268521250030976
2,trained,1.0,1024,256,0.028689083566341367
2,trained,1.0,1024,512,0.02075370899875617
3,random,,1024,1,0.8048209618624865
3,random,,1024,2,0.6689499840315639
3,random,,1024,3,0.4998667239340716
3,random,,1024,4,0.4248298621683624
3,random,,1024,6,0.28667538369631573
3,random,,1024,8,0.22477427759411728
3,random,,1024,12,0.1584861979969393
3,random,,1024,16,0.12108753733740385
3,random,,1024,24,0.08114168475746042
3,random,,1024,32,0.061598864853412705
3,random,,1024,64,0.030769826295257152
3,random,,1024,128,0.014968611932963727
3,random,,1024,256,0.007094625311678482
3,random,,1024,512,0.003136175819492326
3,trained,0.0,1024,1,0.9843120525224008
3,trained,0.0,1024,2,0.9628850763631019
3,trained,0.0,1024,3,0.6586322300826823
3,trained,0.0,1024,4,0.4964596215054309
3,trained,0.0,1024,6,0.3315962954966112
3,trained,0.0,1024,8,0.24976013282273823
3,trained,0.0,1024,12,0.16572022655018614
3,trained,0.0,1024,16,0.12457257615197326
3,trained,0.0,1024,24,0.08278252635696626
3,trained,0.0,1024,32,0.06255404929270103
3,trained,0.0,1024,64,0.03081124682084546
3,trained,0.0,1024,128,0.014948189983183147
3,trained,0.0,1024,256,0.0070503679725733015
3,trained,0.0,1024,512,0.0030891574855381743
3,trained,1.0,1024,1,0.9998675128097528
3,trained,1.0,1024,2,0.999860100764054
3,trained,1.0,1024,3,0.6733039644318609
3,trained,1.0,1024,4,0.5041741504116707
3,trained,1.0,1024,6,0.3329393729108182
3,trained,1.0,1024,8,0.25419256741484697
3,trained,1.0,1024,12,0.16790105320881865
3,trained,1.0,1024,16,0.1252299691946792
3,trained,1.0,1024,24,0.0834555174774666
3,trained,1.0,1024,32,0.06251169430183956
3,trained,1.0,1024,64,0.046757068835187154
3,trained,1.0,1024,128,0.04041595446493018
3,trained,1.0,1024,256,0.03223103280478834
3,trained,1.0,1024,512,0.017668797291960026
4,random,,1024,1,0.7438227821060039
4,random,,1024,2,0.7380205859804871
4,random,,1024,3,0.5022841575116714
4,random,,1024,4,0.38944328128189176
4,random,,1024,6,0.27325112612416325
4,random,,1024,8,0.22635787538739427
4,random,,1024,12,0.15954935432613082
4,random,,1024,16,0.12123387852449108
4,random,,1024,24,0.08155697881079338
4,random,,1024,32,0.06182504886835882
4,random,,1024,64,0.030800375971236083
4,random,,1024,128,0.014966929993957878
4,random,,1024,256,0.007058556245252978
4,random,,1024,512,0.0031471501463432583
4,trained,0.0,1024,1,0.9920674722211049
4,trained,0.0,1024,2,0.9870362898573304
4,trained,0.0,1024,3,0.664711632723378
4,trained,0.0,1024,4,0.49950394257133734
4,trained,0.0,1024,6,0.33731795572175427
4,trained,0.0,1024,8,0.2517902611559084
4,trained,0.0,1024,12,0.16657799492587022
4,trained,0.0,1024,16,0.12496070616723187
4,trained,0.0,1024,24,0.08292179667929345
4,trained,0.0,1024,32,0.062430269258682
4,trained,0.0,1024,64,0.03090397194660688
4,trained,0.0,1024,128,0.014982794183032389
4,trained,0.0,1024,256,0.00707849154297191
4,trained,0.0,1024,512,0.0031175251073266574
4,trained,1.0,1024,1,0.9998512150940198
4,trained,1.0,1024,2,0.9998550858956913
4,trained,1.0,1024,3,0.6716508966516443
4,trained,1.0,1024,4,0.5047319918130343
4,trained,1.0,1024,6,0.3365736746229787
4,trained,1.0,1024,8,0.2499489067997266
4,trained,1.0,1024,12,0.16612662754124374
4,trained,1.0,1024,16,0.12470770351445926
4,trained,1.0,1024,24,0.08359512988709161
4,trained,1.0,1024,32,0.06260601712064573
4,trained,1.0,1024,64,0.03815948338792119
4,trained,1.0,1024,128,0.03187098507402608
4,trained,1.0,1024,256,0.02560886777184701
4,trained,1.0,1024,512,0.01706278122387561
