seed,cond,wd,width,pc_index,eigenvalue,eigenvalue_share
0,random,,1024,1,2.4036920070648193,0.13777928354113853
0,random,,1024,2,2.060136318206787,0.11808672038070965
0,random,,1024,3,1.5276938676834106,0.08756719494051848
0,random,,1024,4,1.4599549770355225,0.08368441137510894
0,random,,1024,5,1.4059675931930542,0.08058986222146809
0,random,,1024,6,1.142166256904602,0.06546880719270802
0,random,,1024,7,0.9819270372390747,0.05628391794074983
0,random,,1024,8,0.8109322786331177,0.046482522728395835
0,random,,1024,9,0.6687813401222229,0.03833445117631393
0,random,,1024,10,0.5511185526847839,0.03159003695646565
0,random,,1024,11,0.5043331980705261,0.0289083070925627
0,random,,1024,12,0.43460917472839355,0.02491173600381689
0,random,,1024,13,0.3265991508960724,0.018720616819187845
0,random,,1024,14,0.3111507296562195,0.017835115513690828
0,random,,1024,15,0.2739473879337311,0.01570262526419341
0,random,,1024,16,0.26607584953308105,0.015251429804034414
0,random,,1024,17,0.23133206367492676,0.013259920946421378
0,random,,1024,18,0.2128378301858902,0.012199834116547724
0,random,,1024,19,0.15796416997909546,0.009054483727916098
0,random,,1024,20,0.14489878714084625,0.008305577844236418
0,trained,0.0,1024,1,13.348005294799805,0.5036063536648122
0,trained,0.0,1024,2,7.467720985412598,0.281749344009849
0,trained,0.0,1024,3,0.8592237830162048,0.032417619471237
0,trained,0.0,1024,4,0.6167036294937134,0.023267586375784577
0,trained,0.0,1024,5,0.5279240012168884,0.019918023359531682
0,trained,0.0,1024,6,0.4141666889190674,0.015626078309784516
0,trained,0.0,1024,7,0.35826924443244934,0.013517125880161648
0,trained,0.0,1024,8,0.31828874349594116,0.0120087031720757
0,trained,0.0,1024,9,0.25281405448913574,0.009538411270041404
0,trained,0.0,1024,10,0.24893619120121002,0.00939210352238088
0,trained,0.0,1024,11,0.22289839386940002,0.008409724516519624
0,trained,0.0,1024,12,0.16534177958965302,0.006238173336658471
0,trained,0.0,1024,13,0.15287117660045624,0.005767670459210736
0,trained,0.0,1024,14,0.1341673582792282,0.005061994851782531
0,trained,0.0,1024,15,0.12492913007736206,0.004713446112378167
0,trained,0.0,1024,16,0.1129809021949768,0.004262651904276639
0,trained,0.0,1024,17,0.09958073496818542,0.0037570775351825386
0,trained,0.0,1024,18,0.09288071095943451,0.003504292599456728
0,trained,0.0,1024,19,0.07457835227251053,0.0028137636463870007
0,trained,0.0,1024,20,0.07212548702955246,0.0027212195925186288
0,trained,1.0,1024,1,13.50411605834961,0.5044857972851002
0,trained,1.0,1024,2,13.150541305541992,0.4912769770780387
0,trained,1.0,1024,3,0.06644776463508606,0.002482350816217802
0,trained,1.0,1024,4,0.02501603029668331,0.0009345470621401688
0,trained,1.0,1024,5,0.008839160203933716,0.0003302127117054124
0,trained,1.0,1024,6,0.005574721843004227,0.00020826005800444528
0,trained,1.0,1024,7,0.00392468087375164,0.00014661794604912165
0,trained,1.0,1024,8,0.0014044113922864199,5.2465899870271214e-05
0,trained,1.0,1024,9,0.0008171837544068694,3.052829197328186e-05
0,trained,1.0,1024,10,0.00044666012399829924,1.6686296814771497e-05
0,trained,1.0,1024,11,0.00026207949849776924,9.790747071518052e-06
0,trained,1.0,1024,12,0.0002129256899934262,7.95446262566716e-06
0,trained,1.0,1024,13,0.00011293768329778686,4.219117856795089e-06
0,trained,1.0,1024,14,6.796389789087698e-05,2.538990413436401e-06
0,trained,1.0,1024,15,6.358739483403042e-05,2.3754933267397284e-06
0,trained,1.0,1024,16,4.958065983373672e-05,1.8522307271403085e-06
0,trained,1.0,1024,17,3.424112583161332e-05,1.2791775182071433e-06
0,trained,1.0,1024,18,2.6723624614533037e-05,9.983392479565285e-07
0,trained,1.0,1024,19,2.4837652745191008e-05,9.27883246389954e-07
0,trained,1.0,1024,20,1.7145819583674893e-05,6.405322958868173e-07
1,random,,1024,1,2.4074759483337402,0.14086945579563723
1,random,,1024,2,2.071255683898926,0.12119608555441905
1,random,,1024,3,1.5702863931655884,0.0918826997219353
1,random,,1024,4,1.339533805847168,0.078380595403311
1,random,,1024,5,1.165602445602417,0.06820329079495924
1,random,,1024,6,1.0072017908096313,0.058934739616378976
1,random,,1024,7,0.9778093099594116,0.05721488742648696
1,random,,1024,8,0.7962369322776794,0.04659048137613844
1,random,,1024,9,0.6999829411506653,0.04095833898335351
1,random,,1024,10,0.6118800044059753,0.03580314199714402
1,random,,1024,11,0.5102432370185852,0.02985603539340044
1,random,,1024,12,0.42243045568466187,0.024717816369043136
1,random,,1024,13,0.35925745964050293,0.021021353449079228
1,random,,1024,14,0.321093887090683,0.01878827539900303
1,random,,1024,15,0.27644407749176025,0.01617566596299502
1,random,,1024,16,0.2545282542705536,0.014893297973972519
1,random,,1024,17,0.23902574181556702,0.013986194210584762
1,random,,1024,18,0.18222470581531525,0.010662575947431654
1,random,,1024,19,0.16105452179908752,0.009423837797825817
1,random,,1024,20,0.1427783966064453,0.008354440692645041
1,trained,0.0,1024,1,12.289437294006348,0.4148597158053251
1,trained,0.0,1024,2,11.556321144104004,0.39011160486056184
1,trained,0.0,1024,3,0.8542428612709045,0.028837036405923517
1,trained,0.0,1024,4,0.7604146599769592,0.02566963825805915
1,trained,0.0,1024,5,0.5608908534049988,0.01893422900289253
1,trained,0.0,1024,6,0.4630660116672516,0.015631914578633607
1,trained,0.0,1024,7,0.3587445318698883,0.012110290404495667
1,trained,0.0,1024,8,0.3443341553211212,0.01162383324810618
1,trained,0.0,1024,9,0.28373077511787415,0.00957801939296547
1,trained,0.0,1024,10,0.23941753804683685,0.008082118767257371
1,trained,0.0,1024,11,0.1980150192975998,0.006684476487060368
1,trained,0.0,1024,12,0.16702179610729218,0.005638225185473688
1,trained,0.0,1024,13,0.13893716037273407,0.004690160296854481
1,trained,0.0,1024,14,0.12802763283252716,0.0043218827763606875
1,trained,0.0,1024,15,0.12515947222709656,0.004225061069622879
1,trained,0.0,1024,16,0.10760702192783356,0.0036325356049792916
1,trained,0.0,1024,17,0.09329705685377121,0.0031494680810736225
1,trained,0.0,1024,18,0.07668468356132507,0.0025886771922737453
1,trained,0.0,1024,19,0.06625384837388992,0.0022365590913431188
1,trained,0.0,1024,20,0.06068217754364014,0.0020484738501803227
1,trained,1.0,1024,1,13.615938186645508,0.5747672464440938
1,trained,1.0,1024,2,9.963187217712402,0.4205743008254918
1,trained,1.0,1024,3,0.05007769167423248,0.002113920947445639
1,trained,1.0,1024,4,0.025219086557626724,0.0010645689441201452
1,trained,1.0,1024,5,0.02189469523727894,0.0009242369876213265
1,trained,1.0,1024,6,0.005674605257809162,0.00023954113142839463
1,trained,1.0,1024,7,0.0038599506951868534,0.00016293943186805054
1,trained,1.0,1024,8,0.0014937289524823427,6.305452222118324e-05
1,trained,1.0,1024,9,0.0007637447561137378,3.2239825448690385e-05
1,trained,1.0,1024,10,0.00046992412535473704,1.9836825921602826e-05
1,trained,1.0,1024,11,0.0002472702180966735,1.043797499921448e-05
1,trained,1.0,1024,12,0.0001857298193499446,7.840180778363715e-06
1,trained,1.0,1024,13,0.00012921694724354893,5.454612671048252e-06
1,trained,1.0,1024,14,8.328507101396099e-05,3.515698314754802e-06
1,trained,1.0,1024,15,5.2763731218874454e-05,2.2273062707153946e-06
1,trained,1.0,1024,16,4.6339264372363687e-05,1.9561113615858836e-06
1,trained,1.0,1024,17,3.687305797939189e-05,1.5565160264589756e-06
1,trained,1.0,1024,18,2.252492049592547e-05,9.508405775896667e-07
1,trained,1.0,1024,19,1.9569521100493148e-05,8.260848134719047e-07
1,trained,1.0,1024,20,1.185183646157384e-05,5.00299525081992e-07
2,random,,1024,1,2.394331693649292,0.13812620169481193
2,random,,1024,2,1.761697769165039,0.10163028875005695
2,random,,1024,3,1.6542866230010986,0.09543386505543558
2,random,,1024,4,1.4997442960739136,0.0865184985353545
2,random,,1024,5,1.1897295713424683,0.06863411079150275
2,random,,1024,6,1.176564335823059,0.0678746237156156
2,random,,1024,7,0.9067733287811279,0.05231069531214411
2,random,,1024,8,0.762139618396759,0.04396694531902116
2,random,,1024,9,0.7109277248382568,0.04101259093378825
2,random,,1024,10,0.6719688177108765,0.03876509703895356
2,random,,1024,11,0.5091415047645569,0.02937177934236966
2,random,,1024,12,0.459644615650177,0.026516361562446977
2,random,,1024,13,0.4116212725639343,0.023745950933550582
2,random,,1024,14,0.3188900053501129,0.018396392327044524
2,random,,1024,15,0.2851256728172302,0.016448567379524628
2,random,,1024,16,0.275865763425827,0.015914374011218497
2,random,,1024,17,0.2229955941438675,0.012864355634379326
2,random,,1024,18,0.21183879673480988,0.012220733009628082
2,random,,1024,19,0.15662088990211487,0.009035276392832645
2,random,,1024,20,0.14797881245613098,0.008536725028569996
2,trained,0.0,1024,1,17.614723205566406,0.5398989161435668
2,trained,0.0,1024,2,7.780644416809082,0.2384801304289721
2,trained,0.0,1024,3,0.8311383128166199,0.025474750242642646
2,trained,0.0,1024,4,0.718604326248169,0.02202553468196772
2,trained,0.0,1024,5,0.632859468460083,0.019397417552653833
2,trained,0.0,1024,6,0.5618083477020264,0.017219669844649076
2,trained,0.0,1024,7,0.5315627455711365,0.016292629003983653
2,trained,0.0,1024,8,0.49509528279304504,0.015174885432391474
2,trained,0.0,1024,9,0.37690800428390503,0.011552394018567936
2,trained,0.0,1024,10,0.36577457189559937,0.011211149480731292
2,trained,0.0,1024,11,0.24495698511600494,0.00750803797610252
2,trained,0.0,1024,12,0.22528719902038574,0.006905150489886177
2,trained,0.0,1024,13,0.21143783628940582,0.006480661507545979
2,trained,0.0,1024,14,0.18459062278270721,0.0056577827540972144
2,trained,0.0,1024,15,0.16841845214366913,0.005162098700603471
2,trained,0.0,1024,16,0.16156990826129913,0.004952187856356723
2,trained,0.0,1024,17,0.1475553959608078,0.004522636967988242
2,trained,0.0,1024,18,0.12020190060138702,0.0036842404558805456
2,trained,0.0,1024,19,0.0995071679353714,0.0030499379121578084
2,trained,0.0,1024,20,0.0891905352473259,0.00273372863986184
2,trained,1.0,1024,1,11.766861915588379,0.5328228617169003
2,trained,1.0,1024,2,10.25012493133545,0.4641425163351896
2,trained,1.0,1024,3,0.03057893179357052,0.001384664327955738
2,trained,1.0,1024,4,0.019077608361840248,0.000863865485546637
2,trained,1.0,1024,5,0.00683247996494174,0.0003093859309014937
2,trained,1.0,1024,6,0.003309538820758462,0.000149861361345934
2,trained,1.0,1024,7,0.0025524103548377752,0.00011557733908127611
2,trained,1.0,1024,8,0.0016318863490596414,7.389449801827002e-05
2,trained,1.0,1024,9,0.001317448797635734,5.965624850171965e-05
2,trained,1.0,1024,10,0.0005793193122372031,2.623253132470012e-05
2,trained,1.0,1024,11,0.00030016282107681036,1.3591866247303271e-05
2,trained,1.0,1024,12,0.00019206201250199229,8.696883830416016e-06
2,trained,1.0,1024,13,0.0001520574587630108,6.8854118374733845e-06
2,trained,1.0,1024,14,0.00010791527893161401,4.886581329483115e-06
2,trained,1.0,1024,15,8.017448271857575e-05,3.6304324487900327e-06
2,trained,1.0,1024,16,6.984820356592536e-05,3.162841544054951e-06
2,trained,1.0,1024,17,6.109190144343302e-05,2.7663417815495926e-06
2,trained,1.0,1024,18,3.1778581615071744e-05,1.4389864450618846e-06
2,trained,1.0,1024,19,2.638103615026921e-05,1.1945767085123965e-06
2,trained,1.0,1024,20,1.8691707737161778e-05,8.463912705303864e-07
3,random,,1024,1,2.3405044078826904,0.13662306602562518
3,random,,1024,2,2.0215532779693604,0.11800482239645926
3,random,,1024,3,1.5788544416427612,0.09216301148543796
3,random,,1024,4,1.3866748809814453,0.08094484812006368
3,random,,1024,5,1.2909245491027832,0.07535558117821323
3,random,,1024,6,1.0992729663848877,0.06416823765029837
3,random,,1024,7,0.8688607215881348,0.0507183047093658
3,random,,1024,8,0.761721134185791,0.04446420885108433
3,random,,1024,9,0.6450023651123047,0.03765094413778161
3,random,,1024,10,0.6062541604042053,0.035389081903137
3,random,,1024,11,0.48989760875701904,0.02859696103181225
3,random,,1024,12,0.446989506483078,0.02609227167072272
3,random,,1024,13,0.39588305354118347,0.023109017176050593
3,random,,1024,14,0.3386341333389282,0.019767206334615726
3,random,,1024,15,0.29025161266326904,0.01694295687176743
3,random,,1024,16,0.25678467750549316,0.014989379994776007
3,random,,1024,17,0.21789319813251495,0.012719154339010028
3,random,,1024,18,0.2151525318622589,0.0125591724874338
3,random,,1024,19,0.15815339982509613,0.009231942616176521
3,random,,1024,20,0.1526985764503479,0.008913526341643403
3,trained,0.0,1024,1,15.128520965576172,0.6445327076071369
3,trained,0.0,1024,2,3.599080801010132,0.15333457241790432
3,trained,0.0,1024,3,0.8133708834648132,0.03465270260068805
3,trained,0.0,1024,4,0.5181092023849487,0.02207342857964747
3,trained,0.0,1024,5,0.4166916608810425,0.017752654409250414
3,trained,0.0,1024,6,0.3557449281215668,0.015156091085270688
3,trained,0.0,1024,7,0.3045848309993744,0.012976475774914741
3,trained,0.0,1024,8,0.2790793776512146,0.011889846160384484
3,trained,0.0,1024,9,0.19782303273677826,0.008428015878552539
3,trained,0.0,1024,10,0.1788371503353119,0.007619144858155222
3,trained,0.0,1024,11,0.17237941920757294,0.007344020876225243
3,trained,0.0,1024,12,0.14576314389705658,0.0062100660083740395
3,trained,0.0,1024,13,0.12826094031333923,0.005464405365765739
3,trained,0.0,1024,14,0.10326988995075226,0.00439969128083992
3,trained,0.0,1024,15,0.09880296885967255,0.00420938340130218
3,trained,0.0,1024,16,0.08881264179944992,0.0037837573559896336
3,trained,0.0,1024,17,0.08167204260826111,0.0034795405894526696
3,trained,0.0,1024,18,0.07161377370357513,0.0030510199623715924
3,trained,0.0,1024,19,0.06033916398882866,0.002570678576508793
3,trained,0.0,1024,20,0.05802560970187187,0.0024721123378023536
3,trained,1.0,1024,1,15.012646675109863,0.5933298853496425
3,trained,1.0,1024,2,10.19202995300293,0.40280945088259035
3,trained,1.0,1024,3,0.061879388988018036,0.0024455974731382923
3,trained,1.0,1024,4,0.012852734886109829,0.0005079658424951966
3,trained,1.0,1024,5,0.009617352858185768,0.00038009706031216236
3,trained,1.0,1024,6,0.0061656818725168705,0.00024368010502691937
3,trained,1.0,1024,7,0.003191037569195032,0.00012611620029770896
3,trained,1.0,1024,8,0.0021280827932059765,8.410609714813719e-05
3,trained,1.0,1024,9,0.0007217334932647645,2.8524354171456973e-05
3,trained,1.0,1024,10,0.000459544564364478,1.8162122215231028e-05
3,trained,1.0,1024,11,0.00019340378639753908,7.643705263489046e-06
3,trained,1.0,1024,12,0.00011787870607804507,4.658802719870102e-06
3,trained,1.0,1024,13,7.420717156492174e-05,2.9328161482501587e-06
3,trained,1.0,1024,14,7.010197441559285e-05,2.7705705291623994e-06
3,trained,1.0,1024,15,4.835781146539375e-05,1.911197629135685e-06
3,trained,1.0,1024,16,4.306255141273141e-05,1.7019183389521842e-06
3,trained,1.0,1024,17,2.598846549517475e-05,1.0271162431492002e-06
3,trained,1.0,1024,18,2.2696629457641393e-05,8.970162853597655e-07
3,trained,1.0,1024,19,1.494718890171498e-05,5.907428629528508e-07
3,trained,1.0,1024,20,8.6574264059891e-06,3.4215884301099684e-07
4,random,,1024,1,2.3341164588928223,0.1384675080065102
4,random,,1024,2,1.9638311862945557,0.1165009609848958
4,random,,1024,3,1.646141767501831,0.09765457396223136
4,random,,1024,4,1.240227222442627,0.07357438066090596
4,random,,1024,5,1.1774287223815918,0.06984896594268625
4,random,,1024,6,1.118742823600769,0.06636752433408827
4,random,,1024,7,0.9787853956222534,0.058064786822705355
4,random,,1024,8,0.7963374853134155,0.0472413733699578
4,random,,1024,9,0.6505106091499329,0.03859044078011199
4,random,,1024,10,0.5605272650718689,0.033252331205882724
4,random,,1024,11,0.4366183280944824,0.02590164325814727
4,random,,1024,12,0.39883431792259216,0.023660170811020106
4,random,,1024,13,0.3662172257900238,0.021725217030625694
4,random,,1024,14,0.33038008213043213,0.01959923914391442
4,random,,1024,15,0.2880259156227112,0.017086649907986234
4,random,,1024,16,0.25608721375465393,0.015191940481734837
4,random,,1024,17,0.23209460079669952,0.013768619329872294
4,random,,1024,18,0.21971645951271057,0.013034307050458665
4,random,,1024,19,0.15687723457813263,0.009306476398050286
4,random,,1024,20,0.14097939431667328,0.008363363934529919
4,trained,0.0,1024,1,14.691908836364746,0.5062025455126391
4,trained,0.0,1024,2,8.785694122314453,0.30270680129753813
4,trained,0.0,1024,3,0.926810622215271,0.03193280746558232
4,trained,0.0,1024,4,0.6075652241706848,0.020933363150125287
4,trained,0.0,1024,5,0.5102285146713257,0.017579674349767104
4,trained,0.0,1024,6,0.412919819355011,0.014226950764407564
4,trained,0.0,1024,7,0.35310542583465576,0.012166075040529172
4,trained,0.0,1024,8,0.3232852816581726,0.011138636532857035
4,trained,0.0,1024,9,0.25163739919662476,0.008670043725307336
4,trained,0.0,1024,10,0.2232433706521988,0.007691741335425142
4,trained,0.0,1024,11,0.20478545129299164,0.007055782736133318
4,trained,0.0,1024,12,0.16377471387386322,0.005642777802184255
4,trained,0.0,1024,13,0.1511652171611786,0.0052083237496383114
4,trained,0.0,1024,14,0.13189378380775452,0.004544335922880586
4,trained,0.0,1024,15,0.1219664216041565,0.004202293505271175
4,trained,0.0,1024,16,0.10424729436635971,0.0035917896278012673
4,trained,0.0,1024,17,0.08966652303934097,0.00308941627090935
4,trained,0.0,1024,18,0.07991016656160355,0.0027532657720895242
4,trained,0.0,1024,19,0.0692596286535263,0.0023863066886787164
4,trained,0.0,1024,20,0.0646548718214035,0.002227652040338002
4,trained,1.0,1024,1,14.943551063537598,0.6228756688496835
4,trained,1.0,1024,2,8.901825904846191,0.37104505755621264
4,trained,1.0,1024,3,0.10385693609714508,0.004328954895736407
4,trained,1.0,1024,4,0.024032695218920708,0.001001728507842507
4,trained,1.0,1024,5,0.007360654417425394,0.0003068060947449169
4,trained,1.0,1024,6,0.0028859127778559923,0.00012029034090397523
4,trained,1.0,1024,7,0.002601799089461565,0.00010844794126712909
4,trained,1.0,1024,8,0.0016105087706819177,6.712907283292712e-05
4,trained,1.0,1024,9,0.001471274415962398,6.132551975146536e-05
4,trained,1.0,1024,10,0.0008065341389738023,3.361787898521653e-05
4,trained,1.0,1024,11,0.00037760354462079704,1.573923489909842e-05
4,trained,1.0,1024,12,0.0002567382180131972,1.0701337893805077e-05
4,trained,1.0,1024,13,0.00014890455349814147,6.206625383790257e-06
4,trained,1.0,1024,14,0.00010406205547042191,4.337504661871685e-06
4,trained,1.0,1024,15,7.404295320156962e-05,3.086251306864111e-06
4,trained,1.0,1024,16,5.030633838032372e-05,2.0968639938922776e-06
4,trained,1.0,1024,17,4.64348413515836e-05,1.935492624331394e-06
4,trained,1.0,1024,18,3.467340502538718e-05,1.4452535581841344e-06
4,trained,1.0,1024,19,2.0901656171190552e-05,8.712208371585275e-07
4,trained,1.0,1024,20,1.616748522792477e-05,6.738915758472379e-07
