lane,statistic,diff,diff_ci_lo,diff_ci_hi,diff_excludes_zero,pretrained,pretrained_ci_lo,pretrained_ci_hi,random,random_ci_lo,random_ci_hi,n_units,n_boot
dsprites_pil3,D1_raw|dinov3_b16|pooled,-0.5235337997850201,-0.5300184506310274,-0.5165966022489688,True,0.09222686571200323,0.0882667388595968,0.0962089707677225,0.6157606654970234,0.6075310481214737,0.6234589750287158,10000,10000
dsprites_pil3,forward|dinov3_b16|pooled,0.2543032769951151,0.24656348539952846,0.2621195606303092,True,0.4205498745840276,0.4129746272147287,0.4282464581798083,0.16624659758891247,0.1645811248678245,0.167890139764055,10000,10000
dsprites_pil3,D3_checkerboard|dinov3_b16|pooled,0.25393631419417495,0.2459020510909088,0.26198100575940575,True,0.4210708245386796,0.41325035012028755,0.4287977915662418,0.16713451034450466,0.16550793883120452,0.1687993322172041,9986,10000
dsprites_pil3,D1_raw|clip_b16|pooled,0.07920776158840959,0.07392443133349019,0.08468686797578309,True,0.16783763611921554,0.16226879137780673,0.17350474404686464,0.08862987453080595,0.08635955664603802,0.09094939534801426,10000,10000
dsprites_pil3,forward|clip_b16|pooled,0.26093189985942056,0.2540626337061368,0.26772806698811097,True,0.2996066272378848,0.2928136110438562,0.3063349303543935,0.038674727378464224,0.03778572274929483,0.03958365928011219,10000,10000
dsprites_pil3,D3_checkerboard|clip_b16|pooled,0.2663356764974846,0.25974325836480344,0.27302924780299204,True,0.3051935464798454,0.298576027192292,0.3119081702365341,0.03885786998236085,0.03802924383375578,0.039693199510150524,9986,10000
dsprites_pil3,D1_raw|resnet50|pooled,-0.3211063319050317,-0.3265790215349703,-0.31555801051274446,True,0.2445246073951839,0.23954054940545258,0.24949242003363548,0.5656309393002156,0.5602318976228956,0.5709484395091639,10000,10000
dsprites_pil3,forward|resnet50|pooled,0.044741057625426794,0.03996994308491478,0.04964260983418202,True,0.2365411012923898,0.23171403523740547,0.24148152054033867,0.19180004366696302,0.1894932826128246,0.19409342465403315,10000,10000
dsprites_pil3,D3_checkerboard|resnet50|pooled,0.04339213061503677,0.038582558023658994,0.04838205939139012,True,0.23589342663214918,0.23087787497846024,0.24103873439924706,0.1925012960171124,0.19027192162053735,0.1947192363236284,9986,10000
