C_at_k_lat,C_k1,C_k1024,C_k12,C_k128,C_k16,C_k2,C_k24,C_k256,C_k3,C_k32,C_k4,C_k48,C_k50,C_k512,C_k6,C_k64,C_k8,C_k90,C_k99,S_at_full,S_at_k_lat,S_k1,S_k12,S_k128,S_k16,S_k2,S_k24,S_k256,S_k3,S_k32,S_k4,S_k48,S_k512,S_k6,S_k64,S_k8,condition,d1_ceiling,d1_normalized,d1_raw,forward_r2,participation_ratio,seed,width
0.9107407571825595,0.4866882937538447,0.9999999999999984,0.9975612693091755,0.9999999872362361,0.9985762587031526,0.9107407571825595,0.9995052716435212,0.9999999997450096,0.9111320294337701,0.9999718211512948,0.9371447157424999,0.9999966103787599,2,0.9999999999930022,0.9534461234412283,0.9999991909408578,0.9826700679315435,2,9,0.0030762434705575714,0.7934215477208009,0.7981159816381154,0.16143460484140515,0.014983402468326856,0.1215689625091434,0.7934215477208009,0.08121773064853122,0.007088613804933863,0.5280850842044003,0.061857232386754335,0.41558874625567965,0.04138502095511121,0.0030762434705575714,0.28701134392015837,0.03080080470231139,0.22927255526287393,random,0.2579819486965437,0.864744552576544,0.22308848479841759,0.9999941237132055,14.286215818640901,0,1024
0.9999999737664441,0.5008963711035392,0.9999999999999982,0.9999999999757712,0.9999999999999982,0.9999999999941431,0.9999999737664441,0.9999999999995823,0.9999999999999982,0.9999999859656074,0.9999999999997969,0.9999999969697002,0.9999999999999792,1,0.9999999999999982,0.9999999990913435,0.9999999999999943,0.9999999994144784,2,2,0.014885688002994613,0.9999485662526694,0.999932962824319,0.1685437127897419,0.014885688002994613,0.12565184466531143,0.9999485662526694,0.08385598818161555,,0.6741601698179992,0.06242743225258518,0.5070477383473541,0.04125918331862388,,0.3340737539713886,0.03064628150222115,0.2507804597307767,trained_wd1,0.9972263609646674,0.999943417649817,0.9971699355534996,0.9999880706517909,2.0108297099268952,0,1024
0.9998495533882861,0.5629604033111716,0.9999999999999982,0.9999981216917512,0.9999999998787484,0.9999989703708444,0.9998495533882861,0.9999997680904735,0.9999999999938339,0.9998640793170873,0.9999999205413674,0.999952468516242,0.9999999930924371,1,0.9999999999998026,0.9999699688856154,0.9999999984417591,0.99998707840431,2,2,0.0031067111352008903,0.9968751081871234,0.9975164642288452,0.16578981113972235,0.014997838499085647,0.12431947594204718,0.9968751081871234,0.08301508828912318,0.00699051395143524,0.6686814566375059,0.06221564666111612,0.5000530282106155,0.04132527811122677,0.0031067111352008903,0.3330231320131475,0.030808674259649838,0.25011966679027553,trained_wd0,0.7797683522383,0.9965012472768683,0.7770401355924943,0.999997163062607,3.207774432835349,0,1024
0.8490671879750942,0.44333044491822005,0.9999999999999998,0.9958173602084396,0.9999999886703879,0.9981346451084543,0.8490671879750942,0.9993605924767909,0.9999999997209269,0.8600887002532054,0.9999527088240778,0.900283738717446,0.9999967510515252,2,0.9999999999935343,0.9287528872111703,0.9999991066077646,0.9764792827858951,4,10,0.003081758853404337,0.6944071422341842,0.6863172290398019,0.15999149715179983,0.014971240581504897,0.12096043345918428,0.6944071422341842,0.08148742818482446,0.007014308719081708,0.47773723200693474,0.06174588119180857,0.38283596883600146,0.041301036506811495,0.003081758853404337,0.2709143514624478,0.03078225990868877,0.2232874412428829,random,0.2682446177924298,0.7969277748051581,0.2137715863607812,0.9999940208049553,14.312775982289226,1,1024
0.9999999663833375,0.5367942795721633,0.9999999999999992,0.9999999999756033,0.9999999999999992,0.9999999999946401,0.9999999663833375,0.9999999999994472,0.9999999999999992,0.9999999915131981,0.9999999999999388,0.9999999920962072,0.9999999999999886,1,0.9999999999999992,0.9999999993894888,0.999999999999999,0.999999999563666,2,2,0.03068894120259691,0.9999262102610981,0.9999455733376547,0.16698882711973462,,0.12500074838202124,0.9999262102610981,0.08296388458671267,,0.6603476017021261,0.06205719195096937,0.49581539118330875,0.04110176085942763,,0.3335317077533081,0.03068894120259691,0.24982834088452865,trained_wd1,0.9979949989443087,0.9999220029813979,0.9979171583098112,0.9999844471690732,1.996910869388946,1,1024
0.9996927540784315,0.7495250340417532,0.9999999999999952,0.9999922395677646,0.9999999999833094,0.9999987370884481,0.9996927540784315,0.9999996950286333,0.9999999999993249,0.9998078654596636,0.9999999473232339,0.9999304195812255,0.9999999934629202,1,0.9999999999999744,0.9999547708268167,0.9999999987147224,0.9999719910628534,2,2,0.003105127396364815,0.9924634751325178,0.99312964921243,0.16537840723325015,0.014942186945026692,0.12424834127656004,0.9924634751325178,0.08278792766695597,0.007091278785689492,0.6615952884498102,0.06236276462028123,0.49569404495604474,0.041349988944165306,0.003105127396364815,0.3328544032643761,0.030823673693909703,0.25056889078288236,trained_wd0,0.8193395175337208,0.992488888637758,0.8131853671740393,0.9999980187581696,2.3680641875181507,1,1024
0.7926949162710468,0.5115160455605331,0.9999999999999994,0.9965355801513636,0.999999989192005,0.99751742050851,0.7926949162710468,0.9996320987452783,0.9999999997168385,0.8843782537301557,0.9999627180170126,0.9121937110898107,0.9999941723396282,1,0.9999999999927865,0.9519626260641807,0.9999992292506104,0.9671205156890329,4,10,0.0031512168920480033,0.668914056495556,0.7647180338594375,0.1594157409718323,0.014930717571030261,0.1200668746742466,0.668914056495556,0.08211657810661788,0.007074436912768101,0.5129788628140404,0.06195162227582662,0.39531520617034466,0.0412610395558588,0.0031512168920480033,0.2839845987506331,0.030808517322522433,0.21881905623226927,random,0.24345425493350498,0.8366740702586009,0.20369186239699066,0.9999934327791659,14.895577274963625,2,1024
0.9999976250023396,0.6334227521532886,0.9999999999999984,0.9999999999342444,0.9999999999999984,0.9999999999783912,0.9999976250023396,0.9999999999990526,0.9999999999999984,0.9999999017368492,0.9999999999997715,0.9999999640272671,0.999999999999956,1,0.9999999999999984,0.9999999963447331,0.9999999999999922,0.9999999986001207,2,2,0.03070204219228445,0.9997314781970361,0.9998340345756035,0.1659419454095803,,0.12493548108260166,0.9997314781970361,0.08332617244779117,,0.6718616330594908,0.0624876904006606,0.5055091132752685,0.041292205082807176,,0.3372004506319999,0.03070204219228445,0.25300276435222646,trained_wd1,0.9844855010842031,0.9997077973884487,0.984197831849752,0.9999714828188287,1.926307713727459,2,1024
0.9993681237842105,0.5621707807353324,0.9999999999999953,0.9999949487685019,0.9999999999777187,0.9999954899384046,0.9993681237842105,0.9999993418702264,0.9999999999993501,0.9994485925284564,0.9999998576279474,0.9996508824112115,0.9999999897548456,1,0.9999999999999786,0.999959123922536,0.9999999981457417,0.9999634121365845,2,2,0.0031057835691836733,0.9869822639461,0.9856927603193995,0.16542872355616578,0.014933620824314264,0.12371583716062573,0.9869822639461,0.08240179316890195,0.007033828841673473,0.6612438152457043,0.0622195779143806,0.496520462668969,0.04132441595039671,0.0031057835691836733,0.33129461899461454,0.03081133471043751,0.25058759896706495,trained_wd0,0.7931849538591993,0.9871436494164688,0.7829874900148034,0.9999982535119994,3.0950448263570953,2,1024
0.8163103896113931,0.5263295368948534,0.9999999999999994,0.9944130776269883,0.9999999859723647,0.9983106037667115,0.8163103896113931,0.9994103299898758,0.999999999647265,0.8728735005281326,0.9999423875898588,0.9508298630497354,0.9999960162778241,1,0.9999999999921977,0.9584908544699016,0.9999992206080703,0.9813081247433617,4,9,0.0031361850083125864,0.668949991441111,0.804820972831516,0.15848617828965406,0.014968617375424653,0.12108751351887703,0.668949991441111,0.08114173986431339,0.007094607302471134,0.499866722224932,0.0615988579248794,0.4248298514621194,0.041233402436706146,0.0031361850083125864,0.2866753641086398,0.030769855877483376,0.2247742891880702,random,0.26029491908231334,0.8201082921608825,0.2134700215467511,0.9999936244510758,14.447432540420778,3,1024
0.9999976904880872,0.4965971446012873,0.9999999999999996,0.9999999999635464,0.9999999999999996,0.9999999999962069,0.9999976904880872,0.9999999999997051,0.9999999999999996,0.9999997805587495,0.999999999999885,0.999999998765778,0.9999999999999918,2,0.9999999999999996,0.9999999992908832,0.9999999999999984,0.9999999998995759,2,2,0.030779900319358733,0.9996271316928128,0.9994033380910924,0.16739911793072892,,0.12504139846536333,0.9996271316928128,0.08295958985297869,,0.6720233209790571,0.06235569188889312,0.5030357439684991,0.04124082655240313,,0.33407698260512064,0.030779900319358733,0.2496135401119851,trained_wd1,0.9943287054795826,0.9996157406273954,0.9939466253550523,0.9999857369041425,2.0224377233346025,3,1024
0.9978020421581603,0.799464220912096,0.999999999999995,0.9999927860716767,0.9999999999618975,0.9999972160354059,0.9978020421581603,0.9999992626582114,0.9999999999990579,0.9997626945218719,0.9999998499467206,0.9998108429157494,0.9999999885848827,1,0.999999999999965,0.9999473861484404,0.9999999964751882,0.999979148728851,2,2,0.0031172225289020083,0.9760716462415905,0.961101088313129,0.16653091489524108,0.014919820979238052,0.12487630499009272,0.9760716462415905,0.08291323679672835,0.007008708835150035,0.6599822949424792,0.06236481318810272,0.5002509260383117,0.041564318366327346,0.0031172225289020083,0.33383254488080105,0.030797239940760335,0.24953463033357237,trained_wd0,0.7724724434793059,0.9676523915595286,0.7474848073465832,0.99999750959463,2.406135078557951,3,1024
0.889584702222429,0.4760079290934543,1.0000000000000009,0.995440092314647,0.9999999875705923,0.99854862208953,0.889584702222429,0.9993949726391084,0.9999999996482479,0.8919329833686322,0.9999437560490448,0.9078911167305682,0.9999955204069594,2,0.9999999999929358,0.9358184211855229,0.9999993426479596,0.9817704436756048,4,10,0.0031473302141094006,0.7380205690172024,0.7438227791002825,0.15954939026797477,0.014966948549995585,0.12123384087326383,0.7380205690172024,0.08155692828551908,0.007058578413534855,0.5022841738880528,0.06182503766320202,0.38944330476957023,0.0412228171802298,0.0031473302141094006,0.27325115160567426,0.03080042851489273,0.2263579211106601,random,0.25930889274941876,0.8202271903735482,0.2126922045387315,0.9999931464986573,14.465715166156498,4,1024
0.9999997318464303,0.5200947498279856,0.999999999999999,0.9999999997320774,0.999999999999999,0.9999999999336757,0.9999997318464303,0.9999999999971428,0.999999999999999,0.9999999516250375,0.9999999999994253,0.9999999638684391,0.9999999999999666,1,0.999999999999999,0.9999999987626257,0.9999999999999941,0.9999999993644632,2,2,0.030700507448089054,0.9997558158535489,0.9998014121702593,0.16744850758297214,,0.124378347645136,0.9997558158535489,0.08279146312725649,,0.6658201430547421,0.062196635245692966,0.4993627460720078,0.04113367649276101,,0.33423149620710557,0.030700507448089054,0.2507673861165578,trained_wd1,0.9944337697598897,0.9997478986141481,0.9941830716283954,0.9999714419812075,2.0185969484049555,4,1024
0.9997924641091936,0.7190859474477027,0.9999999999999949,0.999992521761358,0.9999999999677108,0.999997398348681,0.9997924641091936,0.9999992726778519,0.99999999999899,0.9998140952460319,0.9999999177556185,0.9998875176497145,0.9999999931382676,1,0.9999999999999648,0.9999290386079396,0.999999998710424,0.9999641250639387,2,2,0.003067580370267997,0.9940737355093815,0.9957726328699096,0.16804797405563265,0.014934795500003872,0.12511093617098878,0.9940737355093815,0.08350582632332204,0.00699239439865551,0.6649510174498874,0.06245389617777186,0.5079608492125641,0.0415409868955775,0.003067580370267997,0.3349860610632106,0.030974314788400625,0.2522391327844058,trained_wd0,0.8043852366042971,0.9945733843697186,0.8000201471065727,0.9999981294279344,2.579084678083419,4,1024
