dataset,sample_seed,n,model,instance,encoding,d1_raw,d1_ceiling,d1_normalized,alpha_d1,forward_r2,forward_r2_mean,alpha_forward,target_rank,S_at_r,C_at_r,C_k50,C_k90,n_train,n_test,content_overlap,d1_raw_mean_over_splits,d1_raw_std_over_splits,forward_r2_mean_over_splits,forward_r2_std_over_splits,d3_zero_shot_r2,d3_rho,d3_calibrated_r2,d3_in_support_r2,alpha_d3,fs_width,fs_pc1_share,fs_top12_share,fs_participation_ratio,fs_total_variance,fs_feature_norm_mean
dsprites,1234,20000,clip_b16,pre,canonical,0.16783763611921554,0.6724246103390837,0.24960067424447777,1.0,0.29960662723788756,0.6203295675082234,1.0,5,0.12128792261588939,0.7567677668847865,1,8,10000,10000,0,0.16783763611921554,0.0,0.29960662723788756,0.0,0.623253488331648,0.7195221057673853,0.6243196549479212,0.6506261030137235,1.0,768,0.36955017868512524,0.8342525280278938,6.0556800838916125,6.0558544617052945,26.679962771835005
dsprites,1234,20000,clip_b16,pre,ordinal,0.2052845637202103,0.6724246103390837,0.30529008094556714,1.0,0.7750975646178591,0.7623009955007081,0.1,5,0.1619220098312435,0.778614457609828,1,8,10000,10000,0,0.2052845637202103,0.0,0.7750975646178591,0.0,0.7626078629042736,0.8386628624266013,0.765085305297423,0.7936855323481421,0.1,768,0.36955017868512524,0.8342525280278938,6.0556800838916125,6.0558544617052945,26.679962771835005
dsprites,1234,20000,clip_b16,pre,with_onehot,0.2369792748600842,0.7413684834235541,0.3196511318713486,1.0,0.4847937538830025,0.7040744534240104,1.0,7,0.2473872108138534,0.8624886753828902,1,8,10000,10000,0,0.2369792748600842,0.0,0.4847937538830025,0.0,0.7058194905755195,0.7940740744240857,0.7067447538273064,0.7272858343717947,1.0,768,0.36955017868512524,0.8342525280278938,6.0556800838916125,6.0558544617052945,26.679962771835005
dsprites,1234,20000,clip_b16,rand42,canonical,0.0886298745308044,0.4544164260553659,0.1950410888536097,1.0,0.03867472737846489,0.08855338575947935,0.001,5,0.12888538104221792,0.9322776809270532,1,1,10000,10000,0,0.0886298745308044,0.0,0.03867472737846489,0.0,0.08813254118673705,0.3200113508559039,0.19077328604949875,0.08833675162127905,0.001,768,0.1313530869092359,0.6455916109470832,19.32992424455004,4.7217928458488015e-07,27.71273428366361
dsprites,1234,20000,clip_b16,rand42,ordinal,0.10507001843969865,0.4544164260553659,0.2312196752035917,10.0,0.11745934810641223,0.10591247363867537,0.001,5,0.15165231901575638,0.9265521263543606,1,1,10000,10000,0,0.10507001843969865,0.0,0.11745934810641223,0.0,0.1051912517561496,0.3975117077307088,0.21780544540420652,0.10548974001613479,0.001,768,0.1313530869092359,0.6455916109470832,19.32992424455004,4.7217928458488015e-07,27.71273428366361
dsprites,1234,20000,clip_b16,rand42,with_onehot,0.10511497373206158,0.5237034782910015,0.2007146755547293,10.0,0.04012865212366368,0.07148204364270622,0.001,7,0.11619048429410972,0.9488857315853735,1,1,10000,10000,0,0.10511497373206158,0.0,0.04012865212366368,0.0,0.07103128731149773,0.28822946275078043,0.14413655448223367,0.07147650149257057,0.001,768,0.1313530869092359,0.6455916109470832,19.32992424455004,4.7217928458488015e-07,27.71273428366361
dsprites,1234,20000,clip_b16,rand43,canonical,0.09056355711508823,0.45940461484937345,0.19713244967027946,1.0,0.03732423906372284,0.0855400285913126,0.001,5,0.13620692962249115,0.9479970427381426,1,1,10000,10000,0,0.09056355711508823,0.0,0.03732423906372284,0.0,0.08510540618241318,0.3074384204965283,0.18330482412934412,0.08564998925333915,0.001,768,0.13152263156158667,0.6488024673088152,19.038685898249046,4.2530011663434713e-07,27.712745819973886
dsprites,1234,20000,clip_b16,rand43,ordinal,0.10788079077903212,0.45940461484937345,0.2348273989681261,10.0,0.11396349180291487,0.10260865011471669,0.001,5,0.16112737224989448,0.944711967258742,1,1,10000,10000,0,0.10788079077903212,0.0,0.11396349180291487,0.0,0.10184986668718679,0.3860500386732289,0.21129930071414943,0.10245491776077494,0.001,768,0.13152263156158667,0.6488024673088152,19.038685898249046,4.2530011663434713e-07,27.712745819973886
dsprites,1234,20000,clip_b16,rand43,with_onehot,0.10788292015032797,0.5297063563568306,0.2036655193120882,1.0,0.03895164528680384,0.06928299488001473,0.001,7,0.11712379871529754,0.9506784191089297,1,2,10000,10000,0,0.10788292015032797,0.0,0.03895164528680384,0.0,0.06881783277540185,0.28062299755385645,0.1402629397674806,0.06942662335106022,0.001,768,0.13152263156158667,0.6488024673088152,19.038685898249046,4.2530011663434713e-07,27.712745819973886
dsprites,1234,20000,clip_b16,rand44,canonical,0.08595836635446075,0.4774621988631572,0.1800317733197069,1.0,0.04129044894138734,0.09467390040196988,0.001,5,0.13269173741962437,0.9482211533510597,1,5,10000,10000,0,0.08595836635446075,0.0,0.04129044894138734,0.0,0.09424654369355864,0.3157308325842767,0.18851725405334824,0.09469956158136121,0.001,768,0.13459223061509645,0.6560866807787943,18.09412805440088,5.634265275035245e-07,27.712732857052995
dsprites,1234,20000,clip_b16,rand44,ordinal,0.10227223268252339,0.4774621988631572,0.21419964329330093,10.0,0.12549083172642495,0.11322969137524977,0.001,5,0.1566645410821872,0.9457597082639724,1,5,10000,10000,0,0.10227223268252339,0.0,0.12549083172642495,0.0,0.11247242521767056,0.3940236014296986,0.2157179663051137,0.1127232365402439,0.001,768,0.13459223061509645,0.6560866807787943,18.09412805440088,5.634265275035245e-07,27.712732857052995
dsprites,1234,20000,clip_b16,rand44,with_onehot,0.10224656536186572,0.5441906117696549,0.18788741141522056,10.0,0.04283166167701957,0.07638670108575206,0.001,7,0.11411493906766246,0.9514170255796611,1,5,10000,10000,0,0.10224656536186572,0.0,0.04283166167701957,0.0,0.07590876801347385,0.28474477225511696,0.14266863992935927,0.07628136316810402,0.001,768,0.13459223061509645,0.6560866807787943,18.09412805440088,5.634265275035245e-07,27.712732857052995
dsprites,1234,20000,clip_b16,rand45,canonical,0.10141805327721143,0.46518629799600764,0.21801599426748772,1.0,0.04436222531942047,0.10171985371516598,0.001,5,0.14160330659760767,0.9557957624548965,1,2,10000,10000,0,0.10141805327721143,0.0,0.04436222531942047,0.0,0.10124578514658497,0.31676810420080315,0.1935173403698602,0.10158652316354153,0.001,768,0.14562779771657683,0.6493036596003129,18.291839984709576,5.340045308969732e-07,27.71273523894514
dsprites,1234,20000,clip_b16,rand45,ordinal,0.12112817999439185,0.46518629799600764,0.2603863882410212,1.0,0.13582404217085375,0.12229398671476059,0.001,5,0.16822234299332872,0.953225528470792,1,2,10000,10000,0,0.12112817999439185,0.0,0.13582404217085375,0.0,0.12143833618813349,0.3962521652590568,0.22250936941280486,0.12188954840170778,0.001,768,0.14562779771657683,0.6493036596003129,18.291839984709576,5.340045308969732e-07,27.71273523894514
dsprites,1234,20000,clip_b16,rand45,with_onehot,0.12109449756108692,0.5338033149571958,0.22685227717403209,1.0,0.04655786106138082,0.0826675260708967,0.001,7,0.12594891676158726,0.9690270935056353,1,2,10000,10000,0,0.12109449756108692,0.0,0.04655786106138082,0.0,0.08212429455467465,0.2876622222536175,0.1474311081589604,0.08263319140027413,0.001,768,0.14562779771657683,0.6493036596003129,18.291839984709576,5.340045308969732e-07,27.71273523894514
dsprites,1234,20000,clip_b16,rand46,canonical,0.08952653651168785,0.4641881832662068,0.19286690126781053,1.0,0.04147430306649558,0.09504652456082474,0.001,5,0.1429473793589603,0.9565835915708956,1,1,10000,10000,0,0.08952653651168785,0.0,0.04147430306649558,0.0,0.09446335143899214,0.3085403186220801,0.18986174962239002,0.09536626795774819,0.001,768,0.1234787001129636,0.6518070606767371,18.946854428012465,5.160096960988163e-07,27.712737804940705
dsprites,1234,20000,clip_b16,rand46,ordinal,0.10693070235060242,0.4641881832662068,0.2303606731179515,10.0,0.1270433254583403,0.1143145448756823,0.001,5,0.16996032193492117,0.9544164379315848,1,1,10000,10000,0,0.10693070235060242,0.0,0.1270433254583403,0.0,0.11342441864098145,0.3894812789166976,0.21960313037828763,0.11427421924439989,0.001,768,0.1234787001129636,0.6518070606767371,18.946854428012465,5.160096960988163e-07,27.712737804940705
dsprites,1234,20000,clip_b16,rand46,with_onehot,0.10693335773479684,0.5341486049830718,0.20019402229494873,1.0,0.04357029982757754,0.0773013796411878,0.001,7,0.12480341721792898,0.965836618750675,1,1,10000,10000,0,0.10693335773479684,0.0,0.04357029982757754,0.0,0.07674289356454059,0.28341168142205675,0.1461842829067763,0.07749371239591474,0.001,768,0.1234787001129636,0.6518070606767371,18.946854428012465,5.160096960988163e-07,27.712737804940705
dsprites,1234,20000,dinov3_b16,pre,canonical,0.09228136415689325,0.8102778028716036,0.11388855011188816,1.0,0.42054987458403037,0.6962011260093901,1.0,5,0.08108238997500605,0.6796157444372639,2,9,10000,10000,0,0.09228136415689325,0.0,0.42054987458403037,0.0,0.6962728759671288,0.7972592406292861,0.6969231392100269,0.7232953961620062,1.0,768,0.4281846767849028,0.9127968052572422,4.372028882786688,18.313228929266863,16.50868606274678
dsprites,1234,20000,dinov3_b16,pre,ordinal,0.3352503999140307,0.8102778028716036,0.4137474810810712,1.0,0.8725313751664323,0.848735230255403,0.1,5,0.22005576939325644,0.9101803081534708,1,5,10000,10000,0,0.3352503999140307,0.0,0.8725313751664323,0.0,0.8488662662844696,0.9041260746592773,0.8524117557388194,0.8686760673818948,0.1,768,0.4281846767849028,0.9127968052572422,4.372028882786688,18.313228929266863,16.50868606274678
dsprites,1234,20000,dinov3_b16,pre,with_onehot,0.44670119706753986,0.8575010181558123,0.5209337220709539,1.0,0.6084921546644009,0.7999410480617939,1.0,7,0.36670557896565625,0.9635858194909375,1,4,10000,10000,0,0.44670119706753986,0.0,0.6084921546644009,0.0,0.8003194894466034,0.8683354771301887,0.8009045640875636,0.8177796352030688,1.0,768,0.4281846767849028,0.9127968052572422,4.372028882786688,18.313228929266863,16.50868606274678
dsprites,1234,20000,dinov3_b16,rand42,canonical,0.6157714031303767,0.8268392035768571,0.744729326411455,0.1,0.16624659758891325,0.4362011077240845,0.001,5,0.4487911491191052,0.9949792030421668,1,1,10000,10000,0,0.6157714031303767,0.0,0.16624659758891325,0.0,0.4370473409691962,0.5505421738258066,0.4814421007800226,0.4347206147570047,0.001,768,0.736660993600191,0.9056704754648409,1.8315819632802408,7.733551207523747e-06,27.712762817148096
dsprites,1234,20000,dinov3_b16,rand42,ordinal,0.7418349789627878,0.8268392035768571,0.8971937660353475,0.1,0.44702509106857813,0.473238795255469,0.001,5,0.4825546843135108,0.995861583446334,1,1,10000,10000,0,0.7418349789627878,0.0,0.44702509106857813,0.0,0.4723250454405667,0.6315200310249767,0.5143843733582455,0.470581487425187,0.001,768,0.736660993600191,0.9056704754648409,1.8315819632802408,7.733551207523747e-06,27.712762817148096
dsprites,1234,20000,dinov3_b16,rand42,with_onehot,0.7423352660675098,0.8611090282331402,0.8620688457890919,0.1,0.1409844707590513,0.30719646889619645,0.001,7,0.3680006959938097,0.9993034890884964,1,1,10000,10000,0,0.7423352660675098,0.0,0.1409844707590513,0.0,0.30618432684384644,0.43850823951369594,0.3315708363071812,0.30587080923174925,0.001,768,0.736660993600191,0.9056704754648409,1.8315819632802408,7.733551207523747e-06,27.712762817148096
dsprites,1234,20000,dinov3_b16,rand43,canonical,0.612551568933879,0.8240450666144471,0.7433471708659335,0.1,0.1617933150194053,0.42295203604333353,0.001,5,0.3878238768332025,0.9882695099768888,1,1,10000,10000,0,0.612551568933879,0.0,0.1617933150194053,0.0,0.4232925292372303,0.5462223868847069,0.475672209893691,0.4212771032974546,0.001,768,0.7343236154353219,0.9000234131412004,1.843528031068841,7.1628781145907806e-06,27.712761947237794
dsprites,1234,20000,dinov3_b16,rand43,ordinal,0.7380724290857607,0.8240450666144471,0.895669980912693,0.1,0.43598155097151725,0.45974418460346966,0.001,5,0.42175723210186755,0.9903572691156067,1,1,10000,10000,0,0.7380724290857607,0.0,0.43598155097151725,0.0,0.4585172722199524,0.6275590654238221,0.508548528223914,0.45685412418078464,0.001,768,0.7343236154353219,0.9000234131412004,1.843528031068841,7.1628781145907806e-06,27.712761947237794
dsprites,1234,20000,dinov3_b16,rand43,with_onehot,0.7386313033285322,0.8553955824534906,0.8634967475632164,0.1,0.13798979487431995,0.29885294158669673,0.001,7,0.35688832998108366,0.9986394484220511,1,1,10000,10000,0,0.7386313033285322,0.0,0.13798979487431995,0.0,0.29758201467719525,0.4358602866130926,0.32789832295988747,0.2972639028153039,0.001,768,0.7343236154353219,0.9000234131412004,1.843528031068841,7.1628781145907806e-06,27.712761947237794
dsprites,1234,20000,dinov3_b16,rand44,canonical,0.6086302153889621,0.8195398967992686,0.7426486712434391,0.1,0.165031372342186,0.4326295436535772,0.001,5,0.4188883683885659,0.9917055808503565,1,1,10000,10000,0,0.6086302153889621,0.0,0.165031372342186,0.0,0.4331984135492107,0.5477719092506781,0.4763069998958562,0.43084074030323444,0.001,768,0.7265037602544716,0.897276425509614,1.8824279579263303,7.531054899903284e-06,27.712758884146872
dsprites,1234,20000,dinov3_b16,rand44,ordinal,0.7332762064983768,0.8195398967992686,0.8947413168806099,0.1,0.44401543313487224,0.4695620143085593,0.001,5,0.4529119839158915,0.9931966965666174,1,1,10000,10000,0,0.7332762064983768,0.0,0.44401543313487224,0.0,0.46847201710296044,0.6284848781543331,0.5096640437549768,0.4664317584595327,0.001,768,0.7265037602544716,0.897276425509614,1.8824279579263303,7.531054899903284e-06,27.712758884146872
dsprites,1234,20000,dinov3_b16,rand44,with_onehot,0.7337822070007076,0.8532926086999227,0.8599420638586085,0.1,0.14017518287644837,0.30495594625826816,0.001,7,0.3592792045982486,0.9988684711112606,1,1,10000,10000,0,0.7337822070007076,0.0,0.14017518287644837,0.0,0.3037940375806741,0.4366827652653287,0.3283983994515023,0.3034386895950583,0.001,768,0.7265037602544716,0.897276425509614,1.8824279579263303,7.531054899903284e-06,27.712758884146872
dsprites,1234,20000,dinov3_b16,rand45,canonical,0.6125683518184069,0.8236519380475542,0.7437223462018245,0.1,0.16169956065479874,0.42327219506839625,0.001,5,0.4261722677928297,0.9937179291858921,1,1,10000,10000,0,0.6125683518184069,0.0,0.16169956065479874,0.0,0.42361045729350355,0.5452973964472446,0.4745785850654743,0.42155990504340296,0.001,768,0.7355705520214934,0.8993188304247169,1.8376624926653229,7.031655180882133e-06,27.71276119633118
dsprites,1234,20000,dinov3_b16,rand45,ordinal,0.7387345189053245,0.8236519380475542,0.8969013302590846,0.1,0.43642570477914133,0.46028717262215446,0.001,5,0.4603831140345134,0.9948153580785298,1,1,10000,10000,0,0.7387345189053245,0.0,0.43642570477914133,0.0,0.45896185086409125,0.6274070565323806,0.5077838963562793,0.4573925833480196,0.001,768,0.7355705520214934,0.8993188304247169,1.8376624926653229,7.031655180882133e-06,27.71276119633118
dsprites,1234,20000,dinov3_b16,rand45,with_onehot,0.739256960222953,0.8537578875431233,0.86588595081719,0.1,0.13801787275571586,0.2991523600941588,0.001,7,0.3643722695821583,0.9993015016035359,1,1,10000,10000,0,0.739256960222953,0.0,0.13801787275571586,0.0,0.2978292627224035,0.4353506083746286,0.32730914343982853,0.2975377829546048,0.001,768,0.7355705520214934,0.8993188304247169,1.8376624926653229,7.031655180882133e-06,27.71276119633118
dsprites,1234,20000,dinov3_b16,rand46,canonical,0.5921136430290925,0.8028666460350298,0.7374993667419808,0.1,0.16243723201543092,0.4248814417313745,0.001,5,0.3630759045021139,0.9811687263381189,1,1,10000,10000,0,0.5921136430290925,0.0,0.16243723201543092,0.0,0.42547425398664807,0.5471286805232675,0.4749699624798427,0.4231747130048881,0.001,768,0.7029766753026239,0.890431498241215,2.0071238382494814,6.328410513255816e-06,27.712760537175836
dsprites,1234,20000,dinov3_b16,rand46,ordinal,0.7126170976658557,0.8028666460350298,0.8875908610541078,0.1,0.43765160439724493,0.4617977972266834,0.001,5,0.3970827702317602,0.9844670199894681,1,1,10000,10000,0,0.7126170976658557,0.0,0.43765160439724493,0.0,0.46072149833974424,0.6275751660672306,0.5080608947426206,0.4589680833847412,0.001,768,0.7029766753026239,0.890431498241215,2.0071238382494814,6.328410513255816e-06,27.712760537175836
dsprites,1234,20000,dinov3_b16,rand46,with_onehot,0.713108630328074,0.8399360634685812,0.8490034674582689,0.1,0.13842612186307934,0.30007176661532814,0.001,7,0.3507500197783534,0.9973051852783662,1,1,10000,10000,0,0.713108630328074,0.0,0.13842612186307934,0.0,0.29893406420559737,0.4360636456640577,0.32746059031648167,0.29854946866583215,0.001,768,0.7029766753026239,0.890431498241215,2.0071238382494814,6.328410513255816e-06,27.712760537175836
dsprites,1234,20000,resnet50,pre,canonical,0.2445246073951839,0.7074497735330273,0.3456423572998264,1.0,0.2365411012923897,0.5666534342193149,0.01,5,0.24937971658971503,0.8939876651701265,1,6,10000,10000,0,0.2445246073951839,0.0,0.2365411012923897,0.0,0.5659847545139647,0.6524368317234193,0.5678396224954566,0.5822765983047382,0.01,2048,0.32724467358293374,0.8704092701495935,6.691742851833364,0.04651712804246211,3.7367901728701325
dsprites,1234,20000,resnet50,pre,ordinal,0.30718166464698293,0.7074497735330273,0.4342098565003529,1.0,0.6946939986975098,0.6939287521305013,0.001,5,0.3275188621765316,0.9112365376168235,1,5,10000,10000,0,0.30718166464698293,0.0,0.6946939986975098,0.0,0.693341878348473,0.7794941107615322,0.6959534635559127,0.7087875027648319,0.001,2048,0.32724467358293374,0.8704092701495935,6.691742851833364,0.04651712804246211,3.7367901728701325
dsprites,1234,20000,resnet50,pre,with_onehot,0.3649275836241461,0.77549721120868,0.47057239968068315,1.0,0.4119574709726507,0.6375811330361907,0.001,7,0.3610637596916343,0.9494978124592487,2,5,10000,10000,0,0.3649275836241461,0.0,0.4119574709726507,0.0,0.6381166758516382,0.7356462272178537,0.6410398561901001,0.6573305818872126,0.001,2048,0.32724467358293374,0.8704092701495935,6.691742851833364,0.04651712804246211,3.7367901728701325
dsprites,1234,20000,resnet50,rand42,canonical,0.5656396937746435,0.7923577749774517,0.7138690521346118,0.1,0.19180004366696468,0.5152516029912074,1.0,5,0.4554296721074088,0.9985801387775883,1,2,10000,10000,0,0.5656396937746435,0.0,0.19180004366696468,0.0,0.5151692263680554,0.5679469812986492,0.5164878186704213,0.5247006508220146,1.0,2048,0.6259302409953943,0.8400392064866911,2.4900114944096807,0.10888579428796885,998.0947071572256
dsprites,1234,20000,resnet50,rand42,ordinal,0.6727181281627321,0.7923577749774517,0.8490080483931337,0.1,0.5228675805356222,0.5687588692246923,0.1,5,0.4897347555488938,0.9988122399896487,1,2,10000,10000,0,0.6727181281627321,0.0,0.5228675805356222,0.0,0.5662453451130152,0.6563881837011261,0.5661369881328293,0.601654969235189,0.1,2048,0.6259302409953943,0.8400392064866911,2.4900114944096807,0.10888579428796885,998.0947071572256
dsprites,1234,20000,resnet50,rand42,with_onehot,0.6727811484621984,0.8128902990435928,0.827640764385748,0.1,0.1602446254838703,0.3592522493990946,1.0,7,0.3533686354107176,0.998813903662386,1,2,10000,10000,0,0.6727811484621984,0.0,0.1602446254838703,0.0,0.357537593060823,0.46117694436963946,0.35569832280870595,0.3710126932793631,1.0,2048,0.6259302409953943,0.8400392064866911,2.4900114944096807,0.10888579428796885,998.0947071572256
dsprites,1234,20000,resnet50,rand43,canonical,0.5257313456341609,0.7359403010285072,0.7143668377712561,1.0,0.1958201646446135,0.5299991444878901,1.0,5,0.46676347188278355,0.9979764516970874,1,2,10000,10000,0,0.5257313456341609,0.0,0.1958201646446135,0.0,0.5303333462481082,0.5786319271288731,0.5321596823433205,0.5456488301262478,1.0,2048,0.535132342879546,0.8043142675705948,3.3279381591963384,0.20374857626298107,1346.7726194305278
dsprites,1234,20000,resnet50,rand43,ordinal,0.6174615531953531,0.7359403010285072,0.8390103821361936,0.1,0.5252396029149434,0.5720602169196385,0.1,5,0.5013811823587472,0.998308529867329,1,2,10000,10000,0,0.6174615531953531,0.0,0.5252396029149434,0.0,0.5682640867353387,0.6574334725826245,0.5735131814783091,0.6201213712119289,0.1,2048,0.535132342879546,0.8043142675705948,3.3279381591963384,0.20374857626298107,1346.7726194305278
dsprites,1234,20000,resnet50,rand43,with_onehot,0.6175593224192664,0.7620619407538946,0.810379431635604,0.1,0.16334211548304667,0.3689584794866301,1.0,7,0.3578870022857642,0.9983162624996834,1,2,10000,10000,0,0.6175593224192664,0.0,0.16334211548304667,0.0,0.3669175622801412,0.46772143073002304,0.366793100139531,0.3896642897536159,1.0,2048,0.535132342879546,0.8043142675705948,3.3279381591963384,0.20374857626298107,1346.7726194305278
dsprites,1234,20000,resnet50,rand44,canonical,0.6074937514114491,0.8303050408707552,0.7316512865854217,0.1,0.19690866709931876,0.5304253927929354,1.0,5,0.47106878879928793,0.9986823428582483,1,2,10000,10000,0,0.6074937514114491,0.0,0.19690866709931876,0.0,0.5300588336162292,0.5779052952362381,0.5308231862364438,0.5445106340887658,1.0,2048,0.6446810356425681,0.874428105276404,2.3361169129493438,0.246120892168523,1467.7335015668384
dsprites,1234,20000,resnet50,rand44,ordinal,0.71531979442593,0.8303050408707552,0.8615144545861865,0.1,0.5243775396180814,0.57144281817407,0.1,5,0.5052809155748383,0.9988954236810932,1,2,10000,10000,0,0.71531979442593,0.0,0.5243775396180814,0.0,0.5694345462070359,0.6575261766447943,0.5705660123813787,0.6175908323083481,0.1,2048,0.6446810356425681,0.874428105276404,2.3361169129493438,0.246120892168523,1467.7335015668384
dsprites,1234,20000,resnet50,rand44,with_onehot,0.715525802292497,0.8517123516262642,0.8401026484191149,0.1,0.16147515553795688,0.3663793457930527,1.0,7,0.3628933717067573,0.9989971920704147,1,2,10000,10000,0,0.715525802292497,0.0,0.16147515553795688,0.0,0.3652763984258707,0.4618095633646203,0.3637672565221101,0.38570037825457515,1.0,2048,0.6446810356425681,0.874428105276404,2.3361169129493438,0.246120892168523,1467.7335015668384
dsprites,1234,20000,resnet50,rand45,canonical,0.5931715796109962,0.8133102126996329,0.7293300518655395,0.1,0.1942875315756033,0.5311188546344037,1.0,5,0.4721930056685355,0.9987449912865787,1,2,10000,10000,0,0.5931715796109962,0.0,0.1942875315756033,0.0,0.5303694872845479,0.5757613852680011,0.5329615415372384,0.5547840894029491,1.0,2048,0.6121873635446473,0.8613845636256814,2.570690676026188,0.44886109962559717,2109.066362753819
dsprites,1234,20000,resnet50,rand45,ordinal,0.6970383545228056,0.8133102126996329,0.85703873336241,0.1,0.5241489073877925,0.5687100216164718,1.0,5,0.5067673158838992,0.9989522893239507,1,2,10000,10000,0,0.6970383545228056,0.0,0.5241489073877925,0.0,0.566135702835474,0.6540870094348213,0.5642719916759208,0.588923080980261,1.0,2048,0.6121873635446473,0.8613845636256814,2.570690676026188,0.44886109962559717,2109.066362753819
dsprites,1234,20000,resnet50,rand45,with_onehot,0.6973481108007926,0.8370465588313345,0.8331055225582843,0.1,0.16060837314906773,0.36775797928477993,1.0,7,0.36249018875164696,0.9990847408375105,1,2,10000,10000,0,0.6973481108007926,0.0,0.16060837314906773,0.0,0.36564782856160893,0.4643648366209676,0.3649547824778373,0.39820415960784683,1.0,2048,0.6121873635446473,0.8613845636256814,2.570690676026188,0.44886109962559717,2109.066362753819
dsprites,1234,20000,resnet50,rand46,canonical,0.41400193935270124,0.6024477653023129,0.6871997261786702,1.0,0.1909363524481965,0.5101465051176212,1.0,5,0.45033591733268097,0.9962946994512253,1,2,10000,10000,0,0.41400193935270124,0.0,0.1909363524481965,0.0,0.5099503849990572,0.5681894069948973,0.5127466873037225,0.5189994569560115,1.0,2048,0.45525126350383177,0.6955175900189335,4.637415445053011,0.05672853621266138,738.1514499546179
dsprites,1234,20000,resnet50,rand46,ordinal,0.4922235479915189,0.6024477653023129,0.8170393789153112,1.0,0.523785240303905,0.5693891388529219,0.1,5,0.4849815461551067,0.9969423510283834,1,2,10000,10000,0,0.4922235479915189,0.0,0.523785240303905,0.0,0.5670861703961683,0.6579962944366746,0.5664406466012437,0.6015537966939046,0.1,2048,0.45525126350383177,0.6955175900189335,4.637415445053011,0.05672853621266138,738.1514499546179
dsprites,1234,20000,resnet50,rand46,with_onehot,0.49221721257720186,0.6369632536822327,0.7727560573262809,1.0,0.15999515246769636,0.3564161220536549,1.0,7,0.3473269792779887,0.9969341964614521,1,2,10000,10000,0,0.49221721257720186,0.0,0.15999515246769636,0.0,0.3548929917026221,0.46326560467860006,0.3543247237423694,0.36809009744638194,1.0,2048,0.45525126350383177,0.6955175900189335,4.637415445053011,0.05672853621266138,738.1514499546179
dsprites,1234,20000,resnet50,rand42_bncal,canonical,0.18974502830358286,0.26789423858161643,0.7082833483400028,1.0,0.19566085974659242,0.5266137746477152,1000.0,5,0.5048465520355114,0.9936804254372972,2,3,10000,10000,0,0.18974502830358286,0.0,0.19566085974659242,0.0,0.526100573907369,0.5801454477216276,0.5318362431638406,0.5371609888669319,1000.0,2048,0.10303447767927018,0.314540044462642,48.25410386000344,18.623999087017808,45.377243967108996
dsprites,1234,20000,resnet50,rand42_bncal,ordinal,0.1952572277564506,0.26789423858161643,0.728859376708707,1.0,0.5266014094006153,0.576605125362836,100.0,5,0.5308843310152945,0.993411548229145,2,3,10000,10000,0,0.1952572277564506,0.0,0.5266014094006153,0.0,0.5741948739594396,0.6634334355287819,0.5738045480720662,0.6227211345576644,100.0,2048,0.10303447767927018,0.314540044462642,48.25410386000344,18.623999087017808,45.377243967108996
dsprites,1234,20000,resnet50,rand42_bncal,with_onehot,0.1953352348039854,0.2897744942629843,0.6740939546829449,1.0,0.15659616315164793,0.3595062228933766,1000.0,7,0.3906986680611012,0.9950908683835965,2,3,10000,10000,0,0.1953352348039854,0.0,0.15659616315164793,0.0,0.3575460702388588,0.4588696035916555,0.3585984952167342,0.3729449592881763,1000.0,2048,0.10303447767927018,0.314540044462642,48.25410386000344,18.623999087017808,45.377243967108996
dsprites,1234,20000,resnet50,rand43_bncal,canonical,0.18593326267510069,0.2649089933378247,0.7018759927036137,1.0,0.19664460497944614,0.5276835639214532,1000.0,5,0.5115707345776677,0.9933656484348324,2,3,10000,10000,0,0.18593326267510069,0.0,0.19664460497944614,0.0,0.5275065148235994,0.5834371734063186,0.5333124235568725,0.536434694213724,1000.0,2048,0.09091238454119807,0.3145624723484595,52.21332159295092,16.29577896336325,45.298990113676425
dsprites,1234,20000,resnet50,rand43_bncal,ordinal,0.19274586058359433,0.2649089933378247,0.7275927410202927,1.0,0.5318042139856878,0.5809469796576019,100.0,5,0.5386303109408705,0.9930512824234857,2,3,10000,10000,0,0.19274586058359433,0.0,0.5318042139856878,0.0,0.5800639492486177,0.671101274449308,0.5787559818244403,0.6216455041250828,100.0,2048,0.09091238454119807,0.3145624723484595,52.21332159295092,16.29577896336325,45.298990113676425
dsprites,1234,20000,resnet50,rand43_bncal,with_onehot,0.19275332907190046,0.288178914651035,0.6688668714895799,1.0,0.1573676377186326,0.3603142415654934,1000.0,7,0.393152633797878,0.9952217912715646,2,3,10000,10000,0,0.19275332907190046,0.0,0.1573676377186326,0.0,0.3595212534934693,0.46369083673717437,0.36205495899159673,0.3714424883687776,1000.0,2048,0.09091238454119807,0.3145624723484595,52.21332159295092,16.29577896336325,45.298990113676425
dsprites,7,10000,clip_b16,pre,canonical,0.1590939258610612,0.6670223892328158,0.2385136217751927,1.0,0.28467178617876976,0.6104736054332892,1.0,5,0.11206704641370513,0.7471282890116014,1,8,5000,5000,0,0.1590939258610612,0.0,0.28467178617876976,0.0,0.6106777999973094,0.703257306921288,0.6134558617760464,0.6566116251351826,1.0,768,0.36174237223755834,0.8329477831573038,6.241775927857328,5.9911101357854495,26.679767213617637
dsprites,7,10000,clip_b16,pre,ordinal,0.19772462290703718,0.6670223892328158,0.2964287647592349,1.0,0.7702031046012056,0.7529957128719271,0.1,5,0.1517695007971238,0.7762150579548485,1,8,5000,5000,0,0.19772462290703718,0.0,0.7702031046012056,0.0,0.7514234356559155,0.8293909164192026,0.7579985070821514,0.8089006079194305,0.1,768,0.36174237223755834,0.8329477831573038,6.241775927857328,5.9911101357854495,26.679767213617637
dsprites,7,10000,clip_b16,pre,with_onehot,0.23051875426221724,0.7372204923509672,0.3126863084436272,1.0,0.4722654501518757,0.6951575160839762,1.0,7,0.23304830101346197,0.8549056992512698,1,9,5000,5000,0,0.23051875426221724,0.0,0.4722654501518757,0.0,0.6937433647042341,0.7815614541281931,0.6977222933777902,0.7314683235947257,1.0,768,0.36174237223755834,0.8329477831573038,6.241775927857328,5.9911101357854495,26.679767213617637
dsprites,7,10000,clip_b16,rand42,canonical,0.0904088492209445,0.4554815061580525,0.1984907136703209,1.0,0.02613768528163074,0.058751758127885266,0.001,5,0.11558195523935333,0.8901387551258805,1,6,5000,5000,0,0.0904088492209445,0.0,0.02613768528163074,0.0,0.05850359835268752,0.2836422629296499,0.16305420376993182,0.05872662207535824,0.001,768,0.13162162852048245,0.6445953236290761,19.34862396221454,4.768103887630768e-07,27.712734277895944
dsprites,7,10000,clip_b16,rand42,ordinal,0.10809305142758185,0.4554815061580525,0.23731600507633666,10.0,0.07904829125038237,0.07019490253589684,0.001,5,0.13733404688267326,0.8779445250066739,1,6,5000,5000,0,0.10809305142758185,0.0,0.07904829125038237,0.0,0.06976245081294148,0.3627086263517436,0.19334961513026322,0.06921326644297283,0.001,768,0.13162162852048245,0.6445953236290761,19.34862396221454,4.768103887630768e-07,27.712734277895944
dsprites,7,10000,clip_b16,rand42,with_onehot,0.10800340654901353,0.5231982925314472,0.20642920302061554,1.0,0.027050944570930935,0.04750934994447714,0.001,7,0.13748639554895314,0.9621248688250479,1,6,5000,5000,0,0.10800340654901353,0.0,0.027050944570930935,0.0,0.04675817203780011,0.26677492562161226,0.13029943230717464,0.04681371210523612,0.001,768,0.13162162852048245,0.6445953236290761,19.34862396221454,4.768103887630768e-07,27.712734277895944
dsprites,7,10000,clip_b16,rand43,canonical,0.0927735279403209,0.4634730476109513,0.2001702761757937,1.0,0.024940052167240934,0.05607384369813957,0.001,5,0.1276470807827368,0.9191533541182303,1,3,5000,5000,0,0.0927735279403209,0.0,0.024940052167240934,0.0,0.055743782920042007,0.27248338426744695,0.159273186459083,0.05599053752739429,0.001,768,0.13052605795650943,0.6482949695301815,19.032627442915,4.301667738816465e-07,27.71274580198388
dsprites,7,10000,clip_b16,rand43,ordinal,0.11091448861346287,0.4634730476109513,0.23931162596226468,10.0,0.07541594287368603,0.0669348098446935,0.001,5,0.15246034432022815,0.9104582829071785,1,4,5000,5000,0,0.11091448861346287,0.0,0.07541594287368603,0.0,0.06640255153945045,0.3495566532510615,0.1911069574045235,0.06594972684386584,0.001,768,0.13052605795650943,0.6482949695301815,19.032627442915,4.301667738816465e-07,27.71274580198388
dsprites,7,10000,clip_b16,rand43,with_onehot,0.11075766053558944,0.5350341029319329,0.20701046891898786,1.0,0.02575897913166958,0.04528327292104803,0.001,7,0.14610344385556717,0.972882918627657,1,4,5000,5000,0,0.11075766053558944,0.0,0.02575897913166958,0.0,0.0444913846014717,0.26027462583990935,0.1294047423227468,0.044595976958343,0.001,768,0.13052605795650943,0.6482949695301815,19.032627442915,4.301667738816465e-07,27.71274580198388
dsprites,7,10000,clip_b16,rand44,canonical,0.0879487750768756,0.48040163959127663,0.1830734282083258,1.0,0.02869499615178106,0.06461512217362879,0.001,5,0.12187584235186277,0.9194197622441759,1,5,5000,5000,0,0.0879487750768756,0.0,0.02869499615178106,0.0,0.06441929643688382,0.28188545938744297,0.16114594165168167,0.06432661180129713,0.001,768,0.1326776854500797,0.6552270116438065,18.160193312095526,5.681265176030705e-07,27.71273285265034
dsprites,7,10000,clip_b16,rand44,ordinal,0.10468595689401572,0.48040163959127663,0.21791340467339373,10.0,0.08663789377180031,0.07702350048823663,0.001,5,0.14510891504211754,0.9141855423535356,1,5,5000,5000,0,0.10468595689401572,0.0,0.08663789377180031,0.0,0.07663256197831665,0.3588459226098227,0.190691506756824,0.07576675403744529,0.001,768,0.1326776854500797,0.6552270116438065,18.160193312095526,5.681265176030705e-07,27.71273285265034
dsprites,7,10000,clip_b16,rand44,with_onehot,0.10445213807709153,0.5462674334830457,0.19121062628810978,1.0,0.029555334693390778,0.05207281654848302,0.001,7,0.12280622525761586,0.9447759717162233,1,5,5000,5000,0,0.10445213807709153,0.0,0.029555334693390778,0.0,0.05136506090911033,0.2635346123787309,0.12821700244186313,0.05124000537793656,0.001,768,0.1326776854500797,0.6552270116438065,18.160193312095526,5.681265176030705e-07,27.71273285265034
dsprites,7,10000,clip_b16,rand45,canonical,0.10399316341960252,0.4691182712468617,0.22167792173858591,1.0,0.031354861408543044,0.07055730407346536,0.001,5,0.13278156972094302,0.9299705606099532,1,2,5000,5000,0,0.10399316341960252,0.0,0.031354861408543044,0.0,0.0702585747030593,0.28269072607361195,0.17001421104449016,0.07016265533354629,0.001,768,0.14552264776369786,0.6488097614804245,18.309507239600702,5.397613623048383e-07,27.712735263097777
dsprites,7,10000,clip_b16,rand45,ordinal,0.12452679502541153,0.4691182712468617,0.26544861425762384,1.0,0.0954036670791053,0.08461554485398326,0.001,5,0.15901453538065147,0.9243370207700009,1,2,5000,5000,0,0.12452679502541153,0.0,0.0954036670791053,0.0,0.08410070766253552,0.36465077513264976,0.20203878608393572,0.0830439054569535,0.001,768,0.14552264776369786,0.6488097614804245,18.309507239600702,5.397613623048383e-07,27.712735263097777
dsprites,7,10000,clip_b16,rand45,with_onehot,0.12445492290946736,0.5354554122330694,0.23242817247927167,1.0,0.032722499711627995,0.05734043287712788,0.001,7,0.13946608444871134,0.9698328693943407,1,2,5000,5000,0,0.12445492290946736,0.0,0.032722499711627995,0.0,0.0565485503173853,0.26733401848931737,0.1360565537194859,0.05625063647098977,0.001,768,0.14552264776369786,0.6488097614804245,18.309507239600702,5.397613623048383e-07,27.712735263097777
dsprites,7,10000,clip_b16,rand46,canonical,0.09120613455006155,0.4694909149532034,0.1942660265516587,1.0,0.028419097398354687,0.06388777432971574,0.001,5,0.13417905811673692,0.9305505112363682,1,1,5000,5000,0,0.09120613455006155,0.0,0.028419097398354687,0.0,0.06346901457756186,0.2804464495448965,0.16873401166206792,0.0640564163910367,0.001,768,0.12413076234999137,0.6512482594368609,18.916313568357605,5.213941166702332e-07,27.712737789961185
dsprites,7,10000,clip_b16,rand46,ordinal,0.10976797515432946,0.4694909149532034,0.23380212834421005,1.0,0.08661325684165366,0.0767363788388928,0.001,5,0.16064765550661475,0.9237410085566533,1,3,5000,5000,0,0.10976797515432946,0.0,0.08661325684165366,0.0,0.07610739535698345,0.3620979124414258,0.20269196700810593,0.07577920071926691,0.001,768,0.12413076234999137,0.6512482594368609,18.916313568357605,5.213941166702332e-07,27.712737789961185
dsprites,7,10000,clip_b16,rand46,with_onehot,0.1096896298327289,0.5359819210861086,0.20465173454070032,1.0,0.029753069624738004,0.0520357549813566,0.001,7,0.1352981436681,0.9614564223606106,1,3,5000,5000,0,0.1096896298327289,0.0,0.029753069624738004,0.0,0.05116500984845297,0.26701448836732766,0.13744769695739378,0.05135495204135404,0.001,768,0.12413076234999137,0.6512482594368609,18.916313568357605,5.213941166702332e-07,27.712737789961185
dsprites,7,10000,dinov3_b16,pre,canonical,0.09658560591946941,0.811592614806039,0.11900749730522403,1.0,0.40949573740305556,0.6898170107989459,1.0,5,0.08022349316779853,0.6889764353792553,2,9,5000,5000,0,0.09658560591946941,0.0,0.40949573740305556,0.0,0.6909279246964404,0.7919250205437274,0.6914302870869297,0.7285645979171103,1.0,768,0.43300616068103254,0.9149471179386601,4.300052731671638,18.680009665192305,16.51186009241332
dsprites,7,10000,dinov3_b16,pre,ordinal,0.34161447101964826,0.811592614806039,0.4209186539989525,1.0,0.8660626805138031,0.8385845539965071,0.1,5,0.2217370072803334,0.9158383292909054,1,5,5000,5000,0,0.34161447101964826,0.0,0.8660626805138031,0.0,0.8430290963411398,0.8999924369395961,0.8496627520591652,0.8793886859274564,0.1,768,0.43300616068103254,0.9149471179386601,4.300052731671638,18.680009665192305,16.51186009241332
dsprites,7,10000,dinov3_b16,pre,with_onehot,0.44905594643642843,0.8577372204389982,0.5235355721261544,1.0,0.5998140366740926,0.7945043904183767,1.0,7,0.3726193251292166,0.9626452063559472,1,4,5000,5000,0,0.44905594643642843,0.0,0.5998140366740926,0.0,0.7957366515692617,0.8643653792486463,0.7962427154869589,0.8203486592994962,1.0,768,0.43300616068103254,0.9149471179386601,4.300052731671638,18.680009665192305,16.51186009241332
dsprites,7,10000,dinov3_b16,rand42,canonical,0.6206045274781136,0.8345845451596787,0.7436089382165291,0.1,0.1483456693314189,0.3845414674823886,0.001,5,0.3856131439917805,0.9818453039064381,1,1,5000,5000,0,0.6206045274781136,0.0,0.1483456693314189,0.0,0.38318393933172495,0.5393071045182358,0.47584239779997023,0.38688239479324044,0.001,768,0.7389557386412925,0.9064640470591021,1.8204660318597112,7.878681032193513e-06,27.712762816667247
dsprites,7,10000,dinov3_b16,rand42,ordinal,0.7502694454917549,0.8345845451596787,0.8989735669598434,0.1,0.4079011992754594,0.4224806283799956,0.001,5,0.42551705692415354,0.9853515808240717,1,1,5000,5000,0,0.7502694454917549,0.0,0.4079011992754594,0.0,0.42095462932134264,0.6292742796671333,0.515969740159997,0.4196445043496137,0.001,768,0.7389557386412925,0.9064640470591021,1.8204660318597112,7.878681032193513e-06,27.712762816667247
dsprites,7,10000,dinov3_b16,rand42,with_onehot,0.750873455408331,0.8681938043536657,0.864868479414369,0.1,0.13027116295447227,0.27598216215065885,0.001,7,0.39451720850142735,0.9992566911048856,1,1,5000,5000,0,0.750873455408331,0.0,0.13027116295447227,0.0,0.2745752319575016,0.435419985322206,0.3350948831931305,0.2735574911757521,0.001,768,0.7389557386412925,0.9064640470591021,1.8204660318597112,7.878681032193513e-06,27.712762816667247
dsprites,7,10000,dinov3_b16,rand43,canonical,0.6176811869535423,0.8324540319225041,0.7420003546947135,0.1,0.1429908905392413,0.36892342796907784,0.001,5,0.3957062863341182,0.9874407787648589,1,1,5000,5000,0,0.6176811869535423,0.0,0.1429908905392413,0.0,0.36709625330973605,0.5360760531223667,0.4684088084381024,0.3705260456988226,0.001,768,0.7362039606953876,0.9005691898587995,1.8343009292259456,7.285246287986593e-06,27.712761965434474
dsprites,7,10000,dinov3_b16,rand43,ordinal,0.7456758293233245,0.8324540319225041,0.8957561627772163,0.1,0.39496963653474493,0.40660543627263995,0.001,5,0.4341082375207783,0.989864809162874,1,1,5000,5000,0,0.7456758293233245,0.0,0.39496963653474493,0.0,0.40464913575441475,0.6254284600118549,0.5085785391208343,0.4031285738291637,0.001,768,0.7362039606953876,0.9005691898587995,1.8343009292259456,7.285246287986593e-06,27.712761965434474
dsprites,7,10000,dinov3_b16,rand43,with_onehot,0.7462609285024697,0.8628545187273685,0.8648745672713591,0.1,0.1264841654282859,0.2659414678633457,0.001,7,0.3700561818383399,0.9983012697088506,1,1,5000,5000,0,0.7462609285024697,0.0,0.1264841654282859,0.0,0.264395465469181,0.43340032521852545,0.33026951184587383,0.2631312789716061,0.001,768,0.7362039606953876,0.9005691898587995,1.8343009292259456,7.285246287986593e-06,27.712761965434474
dsprites,7,10000,dinov3_b16,rand44,canonical,0.614081516463765,0.8271815022958225,0.742378202074631,0.1,0.14741912527292667,0.3817751947245644,0.001,5,0.4388955944426953,0.9911501311104212,1,1,5000,5000,0,0.614081516463765,0.0,0.14741912527292667,0.0,0.3804156355047685,0.5359123652163048,0.4745828854425277,0.38332778593289607,0.001,768,0.7284354345637764,0.8979583205078009,1.872681089387182,7.649249228649465e-06,27.71275887904612
dsprites,7,10000,dinov3_b16,rand44,ordinal,0.7413105015533115,0.8271815022958225,0.8961884417093732,0.1,0.40547071270942603,0.41955290419346924,0.001,5,0.47788621627901795,0.9929133651172855,1,1,5000,5000,0,0.7413105015533115,0.0,0.40547071270942603,0.0,0.4181028789619042,0.6254994869187841,0.5143894787324151,0.41591526258532985,0.001,768,0.7284354345637764,0.8979583205078009,1.872681089387182,7.649249228649465e-06,27.71275887904612
dsprites,7,10000,dinov3_b16,rand44,with_onehot,0.7418512990329597,0.8603879658606627,0.8622288182411657,0.1,0.1294267083750238,0.27399643917890737,0.001,7,0.377490335646787,0.99893816694017,1,1,5000,5000,0,0.7418512990329597,0.0,0.1294267083750238,0.0,0.2728485959631055,0.4335626111533187,0.3341725010182953,0.27124399670643345,0.001,768,0.7284354345637764,0.8979583205078009,1.872681089387182,7.649249228649465e-06,27.71275887904612
dsprites,7,10000,dinov3_b16,rand45,canonical,0.6181777558182097,0.8298698570399952,0.7449092777307814,0.1,0.14320502947953906,0.36938403166639266,0.001,5,0.4644332250824149,0.9932868194308111,1,1,5000,5000,0,0.6181777558182097,0.0,0.14320502947953906,0.0,0.3677348305673666,0.5366913182386138,0.4689340869747035,0.3708992447483214,0.001,768,0.737245568792378,0.8999429781611056,1.8294662266350694,7.151453746836984e-06,27.71276118666784
dsprites,7,10000,dinov3_b16,rand45,ordinal,0.7471901673490389,0.8298698570399952,0.900370294221963,0.1,0.3954325918919964,0.4071635567586746,0.001,5,0.5046218752453695,0.994593219435341,1,1,5000,5000,0,0.7471901673490389,0.0,0.3954325918919964,0.0,0.40531589278783786,0.6250770364867676,0.508959671275527,0.40374871796784034,0.001,768,0.737245568792378,0.8999429781611056,1.8294662266350694,7.151453746836984e-06,27.71276118666784
dsprites,7,10000,dinov3_b16,rand45,with_onehot,0.7477827121920864,0.8598036315436786,0.8697133679809289,0.1,0.12670277055886237,0.2663141026241998,0.001,7,0.3708195018938081,0.9974672918244889,1,1,5000,5000,0,0.7477827121920864,0.0,0.12670277055886237,0.0,0.26484669872881067,0.43351818980596873,0.3305646443665904,0.263474267814907,0.001,768,0.737245568792378,0.8999429781611056,1.8294662266350694,7.151453746836984e-06,27.71276118666784
dsprites,7,10000,dinov3_b16,rand46,canonical,0.5988496505532348,0.8104642130134938,0.7388970924781157,0.1,0.14376095102629727,0.3710726080037531,0.001,5,0.37636744217130524,0.9800543566062371,1,1,5000,5000,0,0.5988496505532348,0.0,0.14376095102629727,0.0,0.36932285383640134,0.5345658846292562,0.46823962294314325,0.37280435829374264,0.001,768,0.7052965375911756,0.8910518934089902,1.994312345757036,6.4268211432555585e-06,27.71276055099352
dsprites,7,10000,dinov3_b16,rand46,ordinal,0.7222348254822277,0.8104642130134938,0.891137219738292,0.1,0.396506126704656,0.4086253943565268,0.001,5,0.41481838463706244,0.9838526949909012,1,1,5000,5000,0,0.7222348254822277,0.0,0.396506126704656,0.0,0.4068418107531519,0.624553057632392,0.5083406748321169,0.4052997152074873,0.001,768,0.7052965375911756,0.8910518934089902,1.994312345757036,6.4268211432555585e-06,27.71276055099352
dsprites,7,10000,dinov3_b16,rand46,with_onehot,0.7227546169088827,0.8473532682432203,0.8529554838530776,0.1,0.1268956159263891,0.2671782160098273,0.001,7,0.38681195310789585,0.9985586731427124,1,1,5000,5000,0,0.7227546169088827,0.0,0.1268956159263891,0.0,0.2657117110458225,0.432124768192377,0.3301241991100451,0.26452172354849673,0.001,768,0.7052965375911756,0.8910518934089902,1.994312345757036,6.4268211432555585e-06,27.71276055099352
dsprites,7,10000,resnet50,pre,canonical,0.24890863417455877,0.7132275915880657,0.34898907040365784,1.0,0.2283664643006975,0.5601463832229514,0.01,5,0.24947324145584915,0.9005119922903655,1,5,5000,5000,0,0.24890863417455877,0.0,0.2283664643006975,0.0,0.554221187267679,0.634823303726004,0.5537845026122747,0.5883868209077752,0.01,2048,0.33275682308839727,0.8712177356300363,6.551288967663691,0.04711837019560089,3.736901555863515
dsprites,7,10000,resnet50,pre,ordinal,0.3139149133315493,0.7132275915880657,0.4401328790892531,1.0,0.68864911781317,0.686024161604616,0.001,5,0.3253232606965113,0.9168311342212635,1,5,5000,5000,0,0.3139149133315493,0.0,0.68864911781317,0.0,0.6861330264082213,0.7749966527522311,0.6879373100992423,0.7168254822434704,0.001,2048,0.33275682308839727,0.8712177356300363,6.551288967663691,0.04711837019560089,3.736901555863515
dsprites,7,10000,resnet50,pre,with_onehot,0.3703210600275294,0.7797960066389892,0.4748947889893101,1.0,0.3982405676844535,0.6231408981212962,0.01,7,0.3623543948914003,0.9525540968041514,2,5,5000,5000,0,0.3703210600275294,0.0,0.3982405676844535,0.0,0.62371199466632,0.7215571543099029,0.6308629201728514,0.6666082811549342,0.001,2048,0.33275682308839727,0.8712177356300363,6.551288967663691,0.04711837019560089,3.736901555863515
dsprites,7,10000,resnet50,rand42,canonical,0.5647049132897963,0.7977938373178411,0.7078331354229525,0.1,0.1861863624247273,0.5021330066804095,1.0,5,0.4600982743287094,0.9985321141657706,1,2,5000,5000,0,0.5647049132897963,0.0,0.1861863624247273,0.0,0.49957132848413954,0.550575636482154,0.5042267718625938,0.515986263282578,1.0,2048,0.6295130897311673,0.8429742637798957,2.462209324195102,0.11087200015256858,998.089929753805
dsprites,7,10000,resnet50,rand42,ordinal,0.6775236104494984,0.7977938373178411,0.8492464829351306,0.1,0.5167154899701564,0.5604037373002507,0.1,5,0.49857020344253156,0.9987584870677496,1,2,5000,5000,0,0.6775236104494984,0.0,0.5167154899701564,0.0,0.5583023242143773,0.6502583687179804,0.5656227830562196,0.6074330718115781,0.1,2048,0.6295130897311673,0.8429742637798957,2.462209324195102,0.11087200015256858,998.089929753805
dsprites,7,10000,resnet50,rand42,with_onehot,0.6774379612345454,0.8176770733740615,0.8284908349443704,0.1,0.15753490893143607,0.35200236123645295,1.0,7,0.35969053441958876,0.9988047650267851,1,2,5000,5000,0,0.6774379612345454,0.0,0.15753490893143607,0.0,0.350207372698209,0.4535668027244707,0.35551398251150157,0.36544045847151946,1.0,2048,0.6295130897311673,0.8429742637798957,2.462209324195102,0.11087200015256858,998.089929753805
dsprites,7,10000,resnet50,rand43,canonical,0.5278038805932974,0.7419280672618309,0.7113949503773555,0.1,0.190418816909677,0.5197105115055581,1.0,5,0.46239707964243915,0.997859910684428,1,2,5000,5000,0,0.5278038805932974,0.0,0.190418816909677,0.0,0.5176972726150993,0.5645517270398652,0.5218290332322442,0.5424000985941638,1.0,2048,0.5407862873289168,0.8082259753280222,3.2630870056465304,0.20774342934224949,1346.7659019109442
dsprites,7,10000,resnet50,rand43,ordinal,0.622707523360041,0.7419280672618309,0.8393098345210381,0.1,0.5199170041984165,0.5647080569242621,0.1,5,0.4991358669176643,0.9981962799006211,1,2,5000,5000,0,0.622707523360041,0.0,0.5199170041984165,0.0,0.5627088296092879,0.6551262566246471,0.5716376275816037,0.6295566820042605,0.1,2048,0.5407862873289168,0.8082259753280222,3.2630870056465304,0.20774342934224949,1346.7659019109442
dsprites,7,10000,resnet50,rand43,with_onehot,0.6226802762182578,0.7672893380250747,0.8115325540961823,0.1,0.1597556727943521,0.36236031590075213,1.0,7,0.35840735117939504,0.9981958810031888,1,2,5000,5000,0,0.6226802762182578,0.0,0.1597556727943521,0.0,0.3599792892171127,0.4593575031151502,0.3641295007978185,0.3866652128899115,1.0,2048,0.5407862873289168,0.8082259753280222,3.2630870056465304,0.20774342934224949,1346.7659019109442
dsprites,7,10000,resnet50,rand44,canonical,0.6071802895162971,0.8345496618999569,0.7275544131597573,0.1,0.19190735139952475,0.5205228751241398,1.0,5,0.46576585917782976,0.9986784363502884,1,2,5000,5000,0,0.6071802895162971,0.0,0.19190735139952475,0.0,0.5183690384011306,0.5606511896737355,0.521893971686136,0.5405129061605343,1.0,2048,0.6488783303622732,0.8769206204605121,2.30769882150143,0.2516255738965066,1467.7263589590927
dsprites,7,10000,resnet50,rand44,ordinal,0.7190456198079521,0.8345496618999569,0.8615971614810252,0.1,0.5194775403821132,0.5647209829899656,0.1,5,0.5018336321352876,0.9988822259183604,1,2,5000,5000,0,0.7190456198079521,0.0,0.5194775403821132,0.0,0.5627357888366284,0.6521117157894449,0.5722931468935035,0.6268832509849198,0.1,2048,0.6488783303622732,0.8769206204605121,2.30769882150143,0.2516255738965066,1467.7263589590927
dsprites,7,10000,resnet50,rand44,with_onehot,0.7190673229750126,0.855405486878268,0.8406157477422663,0.1,0.1593132553309169,0.36129668329592834,1.0,7,0.3623453669200757,0.998998265341171,1,2,5000,5000,0,0.7190673229750126,0.0,0.1593132553309169,0.0,0.35953871690055716,0.4533372108073189,0.36400360493914613,0.38273925117897994,1.0,2048,0.6488783303622732,0.8769206204605121,2.30769882150143,0.2516255738965066,1467.7263589590927
dsprites,7,10000,resnet50,rand45,canonical,0.5933961351483727,0.8168901686441017,0.7264087118753174,0.1,0.19033049482340791,0.5227098034954057,1.0,5,0.4662979892369009,0.9986206578319594,1,2,5000,5000,0,0.5933961351483727,0.0,0.19033049482340791,0.0,0.5227331337377732,0.5749373524524863,0.5264751194619638,0.5533807375527657,1.0,2048,0.6155354913716585,0.863665707812087,2.5441918980266482,0.45634484118250457,2109.056916757321
dsprites,7,10000,resnet50,rand45,ordinal,0.7013663566303298,0.8168901686441017,0.8585809739814573,0.1,0.5197883859097572,0.5617498352911328,1.0,5,0.5036688286996391,0.9988505311521919,1,2,5000,5000,0,0.7013663566303298,0.0,0.5197883859097572,0.0,0.561543740545684,0.6559976701977822,0.5648119281442836,0.5858430458075963,1.0,2048,0.6155354913716585,0.863665707812087,2.5441918980266482,0.45634484118250457,2109.056916757321
dsprites,7,10000,resnet50,rand45,with_onehot,0.7015331739172033,0.8403920022002389,0.8347689793340632,0.1,0.1581800812993397,0.3625649062676799,1.0,7,0.362727306756611,0.9990331317011284,1,2,5000,5000,0,0.7015331739172033,0.0,0.1581800812993397,0.0,0.3618634883872377,0.4625976884043499,0.3660656744720585,0.3983558462381661,1.0,2048,0.6155354913716585,0.863665707812087,2.5441918980266482,0.45634484118250457,2109.056916757321
dsprites,7,10000,resnet50,rand46,canonical,0.41779470046692857,0.6096754680787376,0.685273924147743,1.0,0.18383407579944955,0.49317588083821073,1.0,5,0.45392878588776886,0.9964242701642669,1,2,5000,5000,0,0.41779470046692857,0.0,0.18383407579944955,0.0,0.49304027148101737,0.5560351692821991,0.49878216754328697,0.5062056453518793,1.0,2048,0.4601189278883271,0.7001718505115507,4.5439447036757725,0.05765307515536661,738.1485750338778
dsprites,7,10000,resnet50,rand46,ordinal,0.49980596620582185,0.6096754680787376,0.819790187361243,1.0,0.5180395608046211,0.5613937680766301,0.1,5,0.49164157738432357,0.997044398110525,1,2,5000,5000,0,0.49980596620582185,0.0,0.5180395608046211,0.0,0.5620602410030544,0.6592327549940795,0.5665052432319212,0.6032012912849816,0.1,2048,0.4601189278883271,0.7001718505115507,4.5439447036757725,0.05765307515536661,738.1485750338778
dsprites,7,10000,resnet50,rand46,with_onehot,0.4995912452717802,0.6438845974047303,0.7759018421708717,1.0,0.1550787238709591,0.3454074135794904,1.0,7,0.3519655095996034,0.9969973292184415,1,2,5000,5000,0,0.4995912452717802,0.0,0.1550787238709591,0.0,0.34482444088360886,0.45263837907661986,0.35069652463823164,0.35852293385212863,1.0,2048,0.4601189278883271,0.7001718505115507,4.5439447036757725,0.05765307515536661,738.1485750338778
dsprites,7,10000,resnet50,rand42_bncal,canonical,0.19126514536687822,0.27027198055373697,0.7076765596456264,1.0,0.18827118864216164,0.5098930550742956,1000.0,5,0.5052282040316715,0.992510485700113,1,3,5000,5000,0,0.19126514536687822,0.0,0.18827118864216164,0.0,0.5346201931208263,0.5781174173152867,0.5404791518333207,0.6018424372260618,100.0,2048,0.10894942257826476,0.3182729698437785,46.19084767202263,18.929933211958726,45.48501335635321
dsprites,7,10000,resnet50,rand42_bncal,ordinal,0.1969890081432586,0.27027198055373697,0.7288547179018143,1.0,0.5216106726763942,0.5706087698758722,100.0,5,0.530834245374431,0.9920597137746092,1,3,5000,5000,0,0.1969890081432586,0.0,0.5216106726763942,0.0,0.57054789999718,0.6565885118223196,0.5744572141363588,0.6289810263971792,100.0,2048,0.10894942257826476,0.3182729698437785,46.19084767202263,18.929933211958726,45.48501335635321
dsprites,7,10000,resnet50,rand42_bncal,with_onehot,0.19680228161431168,0.29283019129346793,0.67206964126551,1.0,0.14910819232216543,0.36375039614646515,100.0,7,0.39146263537373505,0.9936175021137904,1,3,5000,5000,0,0.19680228161431168,0.0,0.14910819232216543,0.0,0.36313266594078125,0.4581108849341258,0.3702858733736458,0.45051136583786366,100.0,2048,0.10894942257826476,0.3182729698437785,46.19084767202263,18.929933211958726,45.48501335635321
dsprites,7,10000,resnet50,rand43_bncal,canonical,0.19008193170489596,0.2708106929658637,0.7018996540467337,1.0,0.1920819957435842,0.5374887517272089,100.0,5,0.5082196649283752,0.9925403932763935,2,3,5000,5000,0,0.19008193170489596,0.0,0.1920819957435842,0.0,0.5358476904800525,0.578598360083558,0.5416821990157198,0.5970246875447627,100.0,2048,0.09886117190673606,0.3211237425964421,48.86347767808386,16.60001767918003,45.320977308900616
dsprites,7,10000,resnet50,rand43_bncal,ordinal,0.1976644029159509,0.2708106929658637,0.7298988114212571,1.0,0.5257684143801451,0.574385770741314,100.0,5,0.5368005918685479,0.9922159208778989,2,3,5000,5000,0,0.1976644029159509,0.0,0.5257684143801451,0.0,0.5739039289225987,0.6631525209904318,0.5777610461220858,0.625454246277914,100.0,2048,0.09886117190673606,0.3211237425964421,48.86347767808386,16.60001767918003,45.320977308900616
dsprites,7,10000,resnet50,rand43_bncal,with_onehot,0.19750951216443524,0.2940304726732944,0.6717314377952032,1.0,0.15445452027058815,0.3664337068432757,100.0,7,0.3937729839340598,0.993895546105769,2,3,5000,5000,0,0.19750951216443524,0.0,0.15445452027058815,0.0,0.3635786480577914,0.45543695986013877,0.3711445474482654,0.4444904083360166,100.0,2048,0.09886117190673606,0.3211237425964421,48.86347767808386,16.60001767918003,45.320977308900616
dsprites,2024,10000,clip_b16,pre,canonical,0.16425623745639795,0.6712800184516199,0.24469108708951706,1.0,0.27864679426970695,0.6091713847971183,1.0,5,0.117731184495522,0.7556065685419018,1,8,5000,5000,0,0.16425623745639795,0.0,0.27864679426970695,0.0,0.6126543913948184,0.7072222727192871,0.6120694672369899,0.6555083867211741,1.0,768,0.36674909651603216,0.8331300296559832,6.117807975600732,6.03386798923244,26.679369169675763
dsprites,2024,10000,clip_b16,pre,ordinal,0.20482010578015508,0.6712800184516199,0.3051187286232575,1.0,0.7654953331296183,0.748286379051742,0.1,5,0.1581049523151683,0.7846832111966016,1,8,5000,5000,0,0.20482010578015508,0.0,0.7654953331296183,0.0,0.7554617856089392,0.8334200513113779,0.7601475186180087,0.8020225312372327,0.1,768,0.36674909651603216,0.8331300296559832,6.117807975600732,6.03386798923244,26.679369169675763
dsprites,2024,10000,clip_b16,pre,with_onehot,0.2357328617670622,0.7396662315687543,0.31870166800382055,1.0,0.46718816652311623,0.6926059117270169,1.0,7,0.2269860551854932,0.8519687611531195,1,8,5000,5000,0,0.2357328617670622,0.0,0.46718816652311623,0.0,0.6947583408066624,0.7839514540567015,0.6952377116243122,0.7283378534048988,1.0,768,0.36674909651603216,0.8331300296559832,6.117807975600732,6.03386798923244,26.679369169675763
dsprites,2024,10000,clip_b16,rand42,canonical,0.08964339683243672,0.4523175749319625,0.1981868532212591,1.0,0.025701463168604777,0.05769841755044371,0.001,5,0.11620277026770998,0.8865642422246928,1,6,5000,5000,0,0.08964339683243672,0.0,0.025701463168604777,0.0,0.05848118185077986,0.2596077269048302,0.15348046307690047,0.060002474324949054,0.001,768,0.13158220395716216,0.6463138237053502,19.35616192759344,4.729991109844115e-07,27.7127342776758
dsprites,2024,10000,clip_b16,rand42,ordinal,0.10721362719141325,0.4523175749319625,0.23703175187818049,10.0,0.0780134184990039,0.06854949199055174,0.001,5,0.138076562753929,0.8759294118231308,1,6,5000,5000,0,0.10721362719141325,0.0,0.0780134184990039,0.0,0.06902172481327298,0.33228522369820224,0.1809448589978573,0.07118645060826381,0.001,768,0.13158220395716216,0.6463138237053502,19.35616192759344,4.729991109844115e-07,27.7127342776758
dsprites,2024,10000,clip_b16,rand42,with_onehot,0.10719148272109547,0.5215181643746881,0.20553739072467483,10.0,0.026209027695066944,0.04628487629822754,0.001,7,0.13708721438883742,0.9606615478691677,1,6,5000,5000,0,0.10719148272109547,0.0,0.026209027695066944,0.0,0.04662432826446486,0.24731325165568635,0.12155080699637548,0.048348061785437574,0.001,768,0.13158220395716216,0.6463138237053502,19.35616192759344,4.729991109844115e-07,27.7127342776758
dsprites,2024,10000,clip_b16,rand43,canonical,0.09139114293519646,0.4591809697876442,0.1990307720667557,1.0,0.024470552727263506,0.05506267754950993,0.001,5,0.1289115523818416,0.9172686020011043,1,3,5000,5000,0,0.09139114293519646,0.0,0.024470552727263506,0.0,0.055859702546698274,0.2613724511264217,0.1588839108445606,0.057144007023528884,0.001,768,0.13058366321212966,0.6500322870700993,19.08144507549081,4.260450427172158e-07,27.71274580193177
dsprites,2024,10000,clip_b16,rand43,ordinal,0.10934970141743439,0.4591809697876442,0.23814075193056225,10.0,0.07432726815183055,0.0653149042430119,0.001,5,0.15305704989890812,0.9089163134077789,1,5,5000,5000,0,0.10934970141743439,0.0,0.07432726815183055,0.0,0.06581476744202622,0.33538734778876045,0.18624534653829988,0.06773205413528689,0.001,768,0.13058366321212966,0.6500322870700993,19.08144507549081,4.260450427172158e-07,27.71274580193177
dsprites,2024,10000,clip_b16,rand43,with_onehot,0.10916730379403317,0.5317953922449542,0.2052806500131329,1.0,0.024854224185168472,0.044038067593327665,0.001,7,0.1426729782106505,0.9718481800154233,1,5,5000,5000,0,0.10916730379403317,0.0,0.024854224185168472,0.0,0.044412211733967574,0.2486047396438251,0.12478149669805884,0.04595989969379467,0.001,768,0.13058366321212966,0.6500322870700993,19.08144507549081,4.260450427172158e-07,27.71274580193177
dsprites,2024,10000,clip_b16,rand44,canonical,0.08526517575079551,0.4755526438199098,0.17929702811847922,1.0,0.02808780234748609,0.06319803413646756,0.001,5,0.12350684054983041,0.9201948943829361,1,5,5000,5000,0,0.08526517575079551,0.0,0.02808780234748609,0.0,0.0640254528874025,0.25008908712268674,0.15033684440050826,0.0659299583288541,0.001,768,0.13198316569778604,0.6556237911557561,18.256784989978534,5.640105885791802e-07,27.712732860171247
dsprites,2024,10000,clip_b16,rand44,ordinal,0.10241138006224271,0.4755526438199098,0.21535235140239395,10.0,0.0852236039557398,0.0749618353196444,0.001,5,0.14737347498928388,0.912877042759624,1,5,5000,5000,0,0.10241138006224271,0.0,0.0852236039557398,0.0,0.07537429338791504,0.32265203261528663,0.17632460400367211,0.07805871030863472,0.001,768,0.13198316569778604,0.6556237911557561,18.256784989978534,5.640105885791802e-07,27.712732860171247
dsprites,2024,10000,clip_b16,rand44,with_onehot,0.10220834612134855,0.5439497278214085,0.1879003534585938,10.0,0.02854094967978249,0.05055938285711199,0.001,7,0.12485865353338987,0.9483287015139175,1,5,5000,5000,0,0.10220834612134855,0.0,0.02854094967978249,0.0,0.05084150454403735,0.23888509562666577,0.11814321323728914,0.053059999007706374,0.001,768,0.13198316569778604,0.6556237911557561,18.256784989978534,5.640105885791802e-07,27.712732860171247
dsprites,2024,10000,clip_b16,rand45,canonical,0.10107148086606454,0.46431755065752306,0.2176774940403105,1.0,0.03068522564984766,0.06898448754091493,0.001,5,0.13532604989812835,0.9320681333930468,1,3,5000,5000,0,0.10107148086606454,0.0,0.03068522564984766,0.0,0.06961344535922376,0.2712222119761848,0.1661177013414474,0.07155808284674872,0.001,768,0.14317109381466903,0.6495248436534796,18.445596039223112,5.346867956368431e-07,27.712735247321298
dsprites,2024,10000,clip_b16,rand45,ordinal,0.12183941017829425,0.46431755065752306,0.26240535169466817,10.0,0.09381818843624012,0.08233532862340065,0.001,5,0.16188997699645102,0.9235872631074249,1,3,5000,5000,0,0.12183941017829425,0.0,0.09381818843624012,0.0,0.08254098526884368,0.3490215359452999,0.19507062805331082,0.08507901295686,0.001,768,0.14317109381466903,0.6495248436534796,18.445596039223112,5.346867956368431e-07,27.712735247321298
dsprites,2024,10000,clip_b16,rand45,with_onehot,0.12170034457902912,0.5334176908895176,0.2281520591791469,1.0,0.03161558596856906,0.05567896784193102,0.001,7,0.14024318407462955,0.9705721693788733,1,3,5000,5000,0,0.12170034457902912,0.0,0.03161558596856906,0.0,0.05580404748298548,0.25713356235591345,0.13058053582030438,0.05780099561860677,0.001,768,0.14317109381466903,0.6495248436534796,18.445596039223112,5.346867956368431e-07,27.712735247321298
dsprites,2024,10000,clip_b16,rand46,canonical,0.09044944927354404,0.46490141943444585,0.1945561908233709,1.0,0.028019695900322716,0.06297590653223573,0.001,5,0.1363250614820153,0.9305165568641346,1,2,5000,5000,0,0.09044944927354404,0.0,0.028019695900322716,0.0,0.06366580340097365,0.27050346137794035,0.1665916498550844,0.06517651216396017,0.001,768,0.12425841468404267,0.6528321293660576,18.935988266056604,5.175960032550895e-07,27.712737806133173
dsprites,2024,10000,clip_b16,rand46,ordinal,0.10884147578447478,0.46490141943444585,0.23411732301630914,10.0,0.08557685954327898,0.07510285007533254,0.001,5,0.1633922438801535,0.9254730797811935,1,2,5000,5000,0,0.10884147578447478,0.0,0.08557685954327898,0.0,0.07538716380699317,0.3452785001815643,0.1960884035100319,0.07761817278446145,0.001,768,0.12425841468404267,0.6528321293660576,18.935988266056604,5.175960032550895e-07,27.712737806133173
dsprites,2024,10000,clip_b16,rand46,with_onehot,0.1085900706027878,0.5348492765620234,0.2030292932259304,10.0,0.028784018812709644,0.050738254846817696,0.001,7,0.13331684126634125,0.9605828055974359,1,2,5000,5000,0,0.1085900706027878,0.0,0.028784018812709644,0.0,0.050990820524785666,0.256924440171582,0.13160760588365078,0.05276780917358072,0.001,768,0.12425841468404267,0.6528321293660576,18.935988266056604,5.175960032550895e-07,27.712737806133173
dsprites,2024,10000,dinov3_b16,pre,canonical,0.09074730263450637,0.8131546817987416,0.11159906554773623,1.0,0.40568466261939584,0.6891272033955946,1.0,5,0.0787115135102604,0.6803460225750618,2,9,5000,5000,0,0.09074730263450637,0.0,0.40568466261939584,0.0,0.6895566266656633,0.7905361446715478,0.6909489026353995,0.7264353327590601,1.0,768,0.42985412780416565,0.9125436278227659,4.338413413958037,18.266988808086236,16.50900738515777
dsprites,2024,10000,dinov3_b16,pre,ordinal,0.3385277369772033,0.8131546817987416,0.41631407228494566,1.0,0.8668248138685607,0.838962881049142,1.0,5,0.22346177012202595,0.91526299032972,1,5,5000,5000,0,0.3385277369772033,0.0,0.8668248138685607,0.0,0.840629915266297,0.8969196468078696,0.8459219335745891,0.862060667420107,1.0,768,0.42985412780416565,0.9125436278227659,4.338413413958037,18.266988808086236,16.50900738515777
dsprites,2024,10000,dinov3_b16,pre,with_onehot,0.4448582183244608,0.8560230829040684,0.5196801665853146,1.0,0.597986107951283,0.7943970840938313,1.0,7,0.3552739161550271,0.9604623519874325,1,4,5000,5000,0,0.4448582183244608,0.0,0.597986107951283,0.0,0.7948666446244979,0.8634884956609294,0.7963842261810425,0.8194106214278063,1.0,768,0.42985412780416565,0.9125436278227659,4.338413413958037,18.266988808086236,16.50900738515777
dsprites,2024,10000,dinov3_b16,rand42,canonical,0.6229280163375543,0.8346685596543331,0.7463178157753201,0.1,0.14783224254784788,0.38435927932481223,0.001,5,0.3768570019859706,0.9808533457440606,1,1,5000,5000,0,0.6229280163375543,0.0,0.14783224254784788,0.0,0.3812921870566774,0.5527251225844336,0.4776414976417106,0.3848754893043652,0.001,768,0.7381278500895091,0.906017442757509,1.8245288593384326,7.758669478765017e-06,27.71276282430312
dsprites,2024,10000,dinov3_b16,rand42,ordinal,0.7500118254585392,0.8346685596543331,0.8985744302734329,0.1,0.40583323555459117,0.42019959100262466,0.001,5,0.41583374082121416,0.9846542413760704,1,1,5000,5000,0,0.7500118254585392,0.0,0.40583323555459117,0.0,0.4137796992453415,0.625862014098877,0.5117795665129057,0.4184994120188537,0.001,768,0.7381278500895091,0.906017442757509,1.8245288593384326,7.758669478765017e-06,27.71276282430312
dsprites,2024,10000,dinov3_b16,rand42,with_onehot,0.750455610419279,0.8672509445687411,0.865326945008355,0.1,0.128188828365411,0.27414229154913317,0.001,7,0.39203219775126275,0.9990977585928679,1,1,5000,5000,0,0.750455610419279,0.0,0.128188828365411,0.0,0.2693558516672283,0.43894724758896814,0.3305766315503982,0.2730955065524013,0.001,768,0.7381278500895091,0.906017442757509,1.8245288593384326,7.758669478765017e-06,27.71276282430312
dsprites,2024,10000,dinov3_b16,rand43,canonical,0.6197902129561099,0.831318902573238,0.7455504873492363,0.1,0.14241999183847964,0.3690159609242063,0.001,5,0.4051991888084242,0.9881029258647199,1,1,5000,5000,0,0.6197902129561099,0.0,0.14241999183847964,0.0,0.3653964048942333,0.5474088971532944,0.47078312699019625,0.36884232705821984,0.001,768,0.735750442420719,0.9000481303574411,1.8365942227065493,7.179349058210159e-06,27.712761964747067
dsprites,2024,10000,dinov3_b16,rand43,ordinal,0.7459705269555684,0.831318902573238,0.8973337724506384,0.1,0.39353736728426525,0.40494157468518477,0.001,5,0.4427087325849349,0.9904194760781975,1,1,5000,5000,0,0.7459705269555684,0.0,0.39353736728426525,0.0,0.39783593472490053,0.6218048377729184,0.5046385524943047,0.40232292440510375,0.001,768,0.735750442420719,0.9000481303574411,1.8365942227065493,7.179349058210159e-06,27.712761964747067
dsprites,2024,10000,dinov3_b16,rand43,with_onehot,0.7463731430524065,0.8611520572808163,0.8667146954385303,0.1,0.12453088696041292,0.2644526730571211,0.001,7,0.37518053704128207,0.9980748371771402,1,1,5000,5000,0,0.7463731430524065,0.0,0.12453088696041292,0.0,0.2593047475059147,0.43558782297198156,0.32614306626915734,0.2629473591942745,0.001,768,0.735750442420719,0.9000481303574411,1.8365942227065493,7.179349058210159e-06,27.712761964747067
dsprites,2024,10000,dinov3_b16,rand44,canonical,0.6152645425576311,0.826215867245313,0.744677713112658,0.1,0.14685814389198215,0.3821039231910591,0.001,5,0.4371191461481111,0.9911063154529975,1,1,5000,5000,0,0.6152645425576311,0.0,0.14685814389198215,0.0,0.378520441606793,0.5478951729233239,0.47348670944309623,0.38294021631389014,0.001,768,0.7275931948898492,0.8974096289539839,1.8769844343410067,7.548218733880357e-06,27.712758862628792
dsprites,2024,10000,dinov3_b16,rand44,ordinal,0.7406338726632581,0.826215867245313,0.8964169075239453,0.1,0.4043191002437295,0.41825583748865797,0.001,5,0.4755478881423556,0.9928746898426697,1,1,5000,5000,0,0.7406338726632581,0.0,0.4043191002437295,0.0,0.4112782415011297,0.6245335773301525,0.5081116008874849,0.41668237902542266,0.001,768,0.7275931948898492,0.8974096289539839,1.8769844343410067,7.548218733880357e-06,27.712758862628792
dsprites,2024,10000,dinov3_b16,rand44,with_onehot,0.7410411035494132,0.8590092154560816,0.8626695618812024,0.1,0.12768611950075281,0.27288606730044196,0.001,7,0.3767886812114297,0.9971855039121447,1,1,5000,5000,0,0.7410411035494132,0.0,0.12768611950075281,0.0,0.2676914944380625,0.4360507010500322,0.32811326831732407,0.2719791783836167,0.001,768,0.7275931948898492,0.8974096289539839,1.8769844343410067,7.548218733880357e-06,27.712758862628792
dsprites,2024,10000,dinov3_b16,rand45,canonical,0.6196826805325042,0.8294247568439181,0.7471234435905759,0.1,0.1424514513262095,0.3687526328017592,0.001,5,0.4677193844059512,0.9938844329405361,1,1,5000,5000,0,0.6196826805325042,0.0,0.1424514513262095,0.0,0.36502708317011195,0.5486375808542603,0.47077350920468924,0.36961577021066466,0.001,768,0.7363662710503951,0.8993608931053161,1.8337921735403706,7.048771069124155e-06,27.7127611920404
dsprites,2024,10000,dinov3_b16,rand45,ordinal,0.7465535233235097,0.8294247568439181,0.9000858934621803,0.1,0.3934396797485985,0.40474715744751266,0.001,5,0.507128602912815,0.9951337622649092,1,1,5000,5000,0,0.7465535233235097,0.0,0.3934396797485985,0.0,0.39766767751135274,0.622639855551256,0.5048766965821896,0.4032969354020629,0.001,768,0.7363662710503951,0.8993608931053161,1.8337921735403706,7.048771069124155e-06,27.7127611920404
dsprites,2024,10000,dinov3_b16,rand45,with_onehot,0.7470203299181783,0.8583945968569551,0.8702528331998152,0.1,0.12478150390461373,0.264541476330284,0.001,7,0.38616346632189347,0.9989067855217155,1,1,5000,5000,0,0.7470203299181783,0.0,0.12478150390461373,0.0,0.2592670778897047,0.43660742344991965,0.32641096518940166,0.26352194443270105,0.001,768,0.7363662710503951,0.8993608931053161,1.8337921735403706,7.048771069124155e-06,27.7127611920404
dsprites,2024,10000,dinov3_b16,rand46,canonical,0.5992208339926484,0.8106619269665183,0.7391747583791451,0.1,0.14322730899006642,0.3710685826514028,0.001,5,0.3693578637436604,0.9781469453161798,1,1,5000,5000,0,0.5992208339926484,0.0,0.14322730899006642,0.0,0.36778616268044656,0.5503832451346631,0.4721183730564774,0.37189603295413787,0.001,768,0.703958035886114,0.8908295929230579,2.001736296680691,6.340249597306432e-06,27.71276054746624
dsprites,2024,10000,dinov3_b16,rand46,ordinal,0.7208918534694826,0.8106619269665183,0.8892632421594614,0.1,0.39533114015269866,0.40711200783494644,0.001,5,0.4080058527556337,0.9825121837550401,1,1,5000,5000,0,0.7208918534694826,0.0,0.39533114015269866,0.0,0.40035665493770506,0.6242847618244023,0.5063152849825838,0.40556279064660233,0.001,768,0.703958035886114,0.8908295929230579,2.001736296680691,6.340249597306432e-06,27.71276054746624
dsprites,2024,10000,dinov3_b16,rand46,with_onehot,0.7212832993382203,0.846629736050595,0.8519465695864905,0.1,0.12519122406725247,0.26587721030268996,0.001,7,0.3860644179077706,0.9988070284710281,1,1,5000,5000,0,0.7212832993382203,0.0,0.12519122406725247,0.0,0.26084681027736883,0.4369486847557513,0.32721055721231646,0.2650099848098161,0.001,768,0.703958035886114,0.8908295929230579,2.001736296680691,6.340249597306432e-06,27.71276054746624
dsprites,2024,10000,resnet50,pre,canonical,0.2442933448576029,0.7101623728596336,0.34399646361704445,1.0,0.2225422876066543,0.5594794192906657,0.01,5,0.24563113363734002,0.8901349713063905,1,6,5000,5000,0,0.2442933448576029,0.0,0.2225422876066543,0.0,0.5585087461165232,0.6385890404972111,0.5578679561568598,0.5848592907050405,0.01,2048,0.3286441245868372,0.8707679348732924,6.658805683735433,0.04639997677060975,3.7368786306407697
dsprites,2024,10000,resnet50,pre,ordinal,0.31133580211818446,0.7101623728596336,0.4384008700214834,1.0,0.6925109867464914,0.6878892724718862,0.001,5,0.328029021802819,0.9103589514776166,1,5,5000,5000,0,0.31133580211818446,0.0,0.6925109867464914,0.0,0.6850912693148405,0.768706440392088,0.688236670205765,0.7151446282059691,0.001,2048,0.3286441245868372,0.8707679348732924,6.658805683735433,0.04639997677060975,3.7368786306407697
dsprites,2024,10000,resnet50,pre,with_onehot,0.36879405714677493,0.777786121435894,0.4741587011940163,1.0,0.396493868817672,0.624459807895366,0.01,7,0.35983342607591007,0.9476837862537368,2,5,5000,5000,0,0.36879405714677493,0.0,0.396493868817672,0.0,0.6239521394319262,0.7193661433524181,0.6250055224596001,0.6432450871816879,0.01,2048,0.3286441245868372,0.8707679348732924,6.658805683735433,0.04639997677060975,3.7368786306407697
dsprites,2024,10000,resnet50,rand42,canonical,0.5672145963777984,0.7966581402689229,0.7119924691742022,0.1,0.18555256704025447,0.5025090373703243,1.0,5,0.46175135605616113,0.9985258870751927,1,2,5000,5000,0,0.5672145963777984,0.0,0.18555256704025447,0.0,0.5020646259607838,0.5613876442774165,0.5052030587614051,0.5166245018806075,1.0,2048,0.6285365471211816,0.8408334500916704,2.471111220581764,0.10908513309529817,998.0946536923893
dsprites,2024,10000,resnet50,rand42,ordinal,0.6763494935698682,0.7966581402689229,0.8489833460329134,0.1,0.5144583478463487,0.5592730146418106,0.1,5,0.49862740977369713,0.998787630474426,1,2,5000,5000,0,0.6763494935698682,0.0,0.5144583478463487,0.0,0.5594039135671609,0.6515012752215514,0.5637415462348627,0.6066333110496784,0.1,2048,0.6285365471211816,0.8408334500916704,2.471111220581764,0.10908513309529817,998.0946536923893
dsprites,2024,10000,resnet50,rand42,with_onehot,0.6763170397552467,0.8165606485611142,0.8282508359262781,0.1,0.15459478541636618,0.3496796195608184,1.0,7,0.35738516069163395,0.9987582104048166,1,2,5000,5000,0,0.6763170397552467,0.0,0.15459478541636618,0.0,0.3478955008244623,0.45433095110455435,0.35015580697500026,0.3651360306950928,1.0,2048,0.6285365471211816,0.8408334500916704,2.471111220581764,0.10908513309529817,998.0946536923893
dsprites,2024,10000,resnet50,rand43,canonical,0.5280953114811907,0.7412574413682259,0.7124317167142675,0.1,0.18878268650684793,0.5201756131241455,1.0,5,0.4636902979902875,0.9979012466777029,1,2,5000,5000,0,0.5280953114811907,0.0,0.18878268650684793,0.0,0.5205941529229803,0.5697360163660156,0.5233138751597733,0.5414991912522675,1.0,2048,0.5389573370941503,0.8050711238353666,3.28728243563096,0.2042285116453383,1346.773040852879
dsprites,2024,10000,resnet50,rand43,ordinal,0.6219241179033768,0.7412574413682259,0.8390123096173151,1.0,0.5133955159316306,0.5606678113500629,0.1,5,0.5000543149738247,0.9982606493057345,1,2,5000,5000,0,0.6219241179033768,0.0,0.5133955159316306,0.0,0.5542972678798346,0.6481086891219817,0.5576558312429488,0.5752248719114752,1.0,2048,0.5389573370941503,0.8050711238353666,3.28728243563096,0.2042285116453383,1346.773040852879
dsprites,2024,10000,resnet50,rand43,with_onehot,0.6219233953207615,0.7658542740593215,0.8120649272143234,0.1,0.15661057416128876,0.3605936639312617,1.0,7,0.3650776764601845,0.9983240580429533,1,2,5000,5000,0,0.6219233953207615,0.0,0.15661057416128876,0.0,0.35707722573025036,0.455037623349854,0.360368619610844,0.38734241070274156,1.0,2048,0.5389573370941503,0.8050711238353666,3.28728243563096,0.2042285116453383,1346.773040852879
dsprites,2024,10000,resnet50,rand44,canonical,0.6099070382876163,0.8346133167254097,0.7307660039269149,0.1,0.1936747882168226,0.5230018247519818,1.0,5,0.4716792236199744,0.9986906489473902,1,2,5000,5000,0,0.6099070382876163,0.0,0.1936747882168226,0.0,0.5209651834565002,0.5712396356371559,0.5239197082624102,0.5414108161800958,1.0,2048,0.6473946118440379,0.8747686684219786,2.318484442439865,0.24699816160351956,1467.7333670235491
dsprites,2024,10000,resnet50,rand44,ordinal,0.7202693388646306,0.8346133167254097,0.8629976594317885,0.1,0.5195955131708598,0.5659412157731569,0.1,5,0.5075372431400194,0.9989148585474037,1,2,5000,5000,0,0.7202693388646306,0.0,0.5195955131708598,0.0,0.5589076620877198,0.6457347110299594,0.5676632015591202,0.6293500469978521,0.1,2048,0.6473946118440379,0.8747686684219786,2.318484442439865,0.24699816160351956,1467.7333670235491
dsprites,2024,10000,resnet50,rand44,with_onehot,0.7203455004115724,0.8547330529581861,0.8427724865892275,0.1,0.15871878312642895,0.3611380931851931,1.0,7,0.3676109638974987,0.9990124213017386,1,2,5000,5000,0,0.7203455004115724,0.0,0.15871878312642895,0.0,0.35628164860738737,0.4502223017224766,0.3588543545510907,0.3843707375181097,1.0,2048,0.6473946118440379,0.8747686684219786,2.318484442439865,0.24699816160351956,1467.7333670235491
dsprites,2024,10000,resnet50,rand45,canonical,0.5948875275881622,0.8174394882288534,0.7277450333077319,0.1,0.19139595103762963,0.524208184177583,1.0,5,0.47086404950251515,0.9986680122381284,1,2,5000,5000,0,0.5948875275881622,0.0,0.19139595103762963,0.0,0.5234275328960344,0.5751028700658573,0.5281553599792754,0.5539313301521556,1.0,2048,0.6150005465239667,0.8619225971274547,2.5499984713189545,0.4497075280048885,2109.0666579882536
dsprites,2024,10000,resnet50,rand45,ordinal,0.7025655846159833,0.8174394882288534,0.8594710614460681,0.1,0.5173806292913044,0.5599958328331374,1.0,5,0.5079848232809281,0.9989341820091445,1,2,5000,5000,0,0.7025655846159833,0.0,0.5173806292913044,0.0,0.5575842219086188,0.6496032759394345,0.56241068817271,0.5864672424707269,1.0,2048,0.6150005465239667,0.8619225971274547,2.5499984713189545,0.4497075280048885,2109.0666579882536
dsprites,2024,10000,resnet50,rand45,with_onehot,0.7027142748423425,0.8401993764108324,0.8363660990135467,0.1,0.15641078999056357,0.36100593447705875,1.0,7,0.36662563671229964,0.9990291373828428,1,2,5000,5000,0,0.7027142748423425,0.0,0.15641078999056357,0.0,0.35849115762151557,0.4572826589739178,0.3609923464639335,0.3993974851614441,1.0,2048,0.6150005465239667,0.8619225971274547,2.5499984713189545,0.4497075280048885,2109.0666579882536
dsprites,2024,10000,resnet50,rand46,canonical,0.4171959310974487,0.6089092455494148,0.6851528928929557,1.0,0.18420570477785325,0.4945941034025008,1.0,5,0.4447824198988556,0.9962212315786089,1,2,5000,5000,0,0.4171959310974487,0.0,0.18420570477785325,0.0,0.49307514126527857,0.5628511278547577,0.49813926170120604,0.5070725310578477,1.0,2048,0.45845847785099186,0.6976496763401384,4.57831800598974,0.05699818315753399,738.1511433986234
dsprites,2024,10000,resnet50,rand46,ordinal,0.4982777781445762,0.6089092455494148,0.8183120584660911,1.0,0.5169532594722573,0.5612106504306051,0.1,5,0.48207511689848903,0.9969350202036242,1,2,5000,5000,0,0.4982777781445762,0.0,0.5169532594722573,0.0,0.5590590901827315,0.6540441352187614,0.5628334194750694,0.6031333954650289,0.1,2048,0.45845847785099186,0.6976496763401384,4.57831800598974,0.05699818315753399,738.1511433986234
dsprites,2024,10000,resnet50,rand46,with_onehot,0.4981532104840828,0.6424638322601355,0.7753793839750018,1.0,0.15370083350029362,0.344727029663746,1.0,7,0.3482843538292175,0.996768704688174,1,2,5000,5000,0,0.4981532104840828,0.0,0.15370083350029362,0.0,0.3413065606434121,0.4506896745816641,0.34470808055275726,0.3591957815626733,1.0,2048,0.45845847785099186,0.6976496763401384,4.57831800598974,0.05699818315753399,738.1511433986234
dsprites,2024,10000,resnet50,rand42_bncal,canonical,0.18828808707700695,0.26625796789663325,0.7071641407182384,1.0,0.18951550130536954,0.5130163940756663,1000.0,5,0.5091538626282988,0.9927903398490455,1,3,5000,5000,0,0.18828808707700695,0.0,0.18951550130536954,0.0,0.534888040108679,0.5801080750013914,0.5430409243406202,0.6024788779731466,100.0,2048,0.10607294566953879,0.31570736314593184,47.41765616517188,18.810527098752623,45.44359016047383
dsprites,2024,10000,resnet50,rand42_bncal,ordinal,0.19422104181132427,0.26625796789663325,0.729446871940091,1.0,0.525254263681917,0.5737160380024993,100.0,5,0.5358489841580085,0.9922282973315985,2,3,5000,5000,0,0.19422104181132427,0.0,0.525254263681917,0.0,0.5685695196355232,0.656987016299638,0.5705716149446093,0.630862156680738,100.0,2048,0.10607294566953879,0.31570736314593184,47.41765616517188,18.810527098752623,45.44359016047383
dsprites,2024,10000,resnet50,rand42_bncal,with_onehot,0.19410903809099034,0.28858506792924027,0.6726232908855319,1.0,0.15247202642897106,0.3667473701664565,100.0,7,0.3962093863659307,0.9937346506674404,2,3,5000,5000,0,0.19410903809099034,0.0,0.15247202642897106,0.0,0.360307927846385,0.45453254062240184,0.3658390244303842,0.45296213705431576,100.0,2048,0.10607294566953879,0.31570736314593184,47.41765616517188,18.810527098752623,45.44359016047383
dsprites,2024,10000,resnet50,rand43_bncal,canonical,0.18776404704678873,0.266861799079271,0.7036003193211391,1.0,0.19004988975903558,0.5385900658130286,100.0,5,0.5163487223045605,0.9927452595989121,2,3,5000,5000,0,0.18776404704678873,0.0,0.19004988975903558,0.0,0.5355184050079874,0.5795141285824247,0.5417736191354936,0.5992533097207884,100.0,2048,0.09451130576360987,0.3172091821267686,50.6064294949867,16.469738557003783,45.332823585551914
dsprites,2024,10000,resnet50,rand43_bncal,ordinal,0.19515280792853373,0.266861799079271,0.7312879123270987,1.0,0.5237340072378247,0.5734127117021502,100.0,5,0.5446774033561048,0.9923413023195612,2,3,5000,5000,0,0.19515280792853373,0.0,0.5237340072378247,0.0,0.5701448600862706,0.6578951453448496,0.5726258505857429,0.6289477337369668,100.0,2048,0.09451130576360987,0.3172091821267686,50.6064294949867,16.469738557003783,45.332823585551914
dsprites,2024,10000,resnet50,rand43_bncal,with_onehot,0.19493508289842032,0.2899244963715167,0.6723649961906824,1.0,0.1507616270249995,0.3647468531056023,100.0,7,0.39959208910757327,0.9936976388432359,2,3,5000,5000,0,0.19493508289842032,0.0,0.1507616270249995,0.0,0.3617849206856658,0.4543166252564499,0.3669677967665174,0.4475452896238529,100.0,2048,0.09451130576360987,0.3172091821267686,50.6064294949867,16.469738557003783,45.332823585551914
