encoder,weights,seed,features,normalization,whiten_k,rank_Y,forward_r2,R2_rev,rev_lo,rev_hi,ceiling,rev_over_ceiling,part_ratio
dinov3_b16,pre,-1,cls,raw,0,40,0.3909521899985553,0.17032227997166938,0.16809276772547144,0.1725323840445442,0.6064011380683824,0.2808739451152919,48.1968571543102
dinov3_b16,pre,-1,cls,standardized,0,40,0.3909521899985553,0.15957236396455088,,,,,48.1968571543102
dinov3_b16,pre,-1,cls,pca_whitened,40,40,0.3909521899985553,0.1533158849533004,,,,,48.1968571543102
dinov3_b16,pre,-1,patches_mean,raw,0,40,0.411602824294254,0.2449851187246599,0.2424578791286988,0.24769450073013569,0.6803798380877779,0.36007110294919353,32.07983061295881
dinov3_b16,pre,-1,patches_mean,standardized,0,40,0.411602824294254,0.22602739754859458,,,,,32.07983061295881
dinov3_b16,pre,-1,patches_mean,pca_whitened,40,40,0.411602824294254,0.17382492183549814,,,,,32.07983061295881
dinov3_b16,rand,0,cls,raw,0,40,0.06988857395998599,0.0684419797103617,0.061313187500873924,0.07608564241853456,0.9819553092051537,0.06969968904772483,2.3663409106749795
dinov3_b16,rand,0,cls,standardized,0,40,0.06988857395998599,0.061791827378295694,,,,,2.3663409106749795
dinov3_b16,rand,0,cls,pca_whitened,40,40,0.06988857395998599,0.01777975453826308,,,,,2.3663409106749795
dinov3_b16,rand,0,patches_mean,raw,0,40,0.11171971111590388,0.0869048316100679,0.0781258575113092,0.09676341265114771,0.9939752215102561,0.08743158755811217,1.690710369593253
dinov3_b16,rand,0,patches_mean,standardized,0,40,0.11171971111590388,0.07834524234480322,,,,,1.690710369593253
dinov3_b16,rand,0,patches_mean,pca_whitened,40,40,0.11171971111590388,0.023477855447589624,,,,,1.690710369593253
dinov3_b16,rand,1,cls,raw,0,40,0.06757203256732347,0.06328749393345767,0.0566235934791989,0.07075642969234891,0.9793223862661177,0.06462375906135995,2.4179809912389074
dinov3_b16,rand,1,cls,standardized,0,40,0.06757203256732347,0.056167530967757284,,,,,2.4179809912389074
dinov3_b16,rand,1,cls,pca_whitened,40,40,0.06757203256732347,0.019085911625705276,,,,,2.4179809912389074
dinov3_b16,rand,1,patches_mean,raw,0,40,0.11343829583274212,0.08970280247415385,0.080661755149789,0.09987054057883167,0.9939248142457912,0.09025109463860405,1.6320579434648683
dinov3_b16,rand,1,patches_mean,standardized,0,40,0.11343829583274212,0.08012736723135083,,,,,1.6320579434648683
dinov3_b16,rand,1,patches_mean,pca_whitened,40,40,0.11343829583274212,0.02362635079999076,,,,,1.6320579434648683
dinov3_b16,rand,2,cls,raw,0,40,0.06582819800962927,0.07104487829175676,0.06412576164500046,0.07872604227482419,0.9786217427167686,0.07259687291897671,2.601498303061565
dinov3_b16,rand,2,cls,standardized,0,40,0.06582819800962927,0.06347707183767926,,,,,2.601498303061565
dinov3_b16,rand,2,cls,pca_whitened,40,40,0.06582819800962927,0.017838057726599188,,,,,2.601498303061565
dinov3_b16,rand,2,patches_mean,raw,0,40,0.11415669826513626,0.09110677886142826,0.08211627872330325,0.1010633137182225,0.9940871716070867,0.09164868178928502,1.704876390011883
dinov3_b16,rand,2,patches_mean,standardized,0,40,0.11415669826513626,0.08163738392943354,,,,,1.704876390011883
dinov3_b16,rand,2,patches_mean,pca_whitened,40,40,0.11415669826513626,0.02332993090654245,,,,,1.704876390011883
dinov3_b16,rand,3,cls,raw,0,40,0.0718753262293902,0.06653381820732407,0.05972401549095166,0.07400109220802178,0.9793746031964687,0.06793500463476584,2.5353708925912195
dinov3_b16,rand,3,cls,standardized,0,40,0.0718753262293902,0.06055985969484301,,,,,2.5353708925912195
dinov3_b16,rand,3,cls,pca_whitened,40,40,0.0718753262293902,0.019583956482169707,,,,,2.5353708925912195
dinov3_b16,rand,3,patches_mean,raw,0,40,0.11485628354463899,0.09181838371777029,0.08267942971099765,0.10176445382855766,0.9939568770648861,0.09237662703125131,1.6961652515201953
dinov3_b16,rand,3,patches_mean,standardized,0,40,0.11485628354463899,0.08213066106852629,,,,,1.6961652515201953
dinov3_b16,rand,3,patches_mean,pca_whitened,40,40,0.11485628354463899,0.023536180689298525,,,,,1.6961652515201953
dinov3_b16,rand,4,cls,raw,0,40,0.06739514939308434,0.06630716387589641,0.05940476001907362,0.07380135184964948,0.9791323222688414,0.06772032989601419,2.495749816848102
dinov3_b16,rand,4,cls,standardized,0,40,0.06739514939308434,0.06032207341500917,,,,,2.495749816848102
dinov3_b16,rand,4,cls,pca_whitened,40,40,0.06739514939308434,0.017903915497076817,,,,,2.495749816848102
dinov3_b16,rand,4,patches_mean,raw,0,40,0.11773074196415764,0.09075591938840877,0.0817770467673404,0.10065964451780895,0.9942223738030743,0.09128332029106478,1.7328823214665567
dinov3_b16,rand,4,patches_mean,standardized,0,40,0.11773074196415764,0.08262456838670207,,,,,1.7328823214665567
dinov3_b16,rand,4,patches_mean,pca_whitened,40,40,0.11773074196415764,0.02331247663006497,,,,,1.7328823214665567
clip_b16,pre,-1,cls,raw,0,40,0.4112888127696152,0.19240081514393914,0.19053491965311073,0.1945716489313724,0.6936232392906282,0.2773851916217634,45.57759460040575
clip_b16,pre,-1,cls,standardized,0,40,0.4112888127696152,0.1522039286569855,,,,,45.57759460040575
clip_b16,pre,-1,cls,pca_whitened,40,40,0.4112888127696152,0.15494175386703635,,,,,45.57759460040575
clip_b16,rand,0,cls,raw,0,40,0.11669383173996936,0.10514615138567296,0.09613844873463032,0.11508957830232026,0.9961435794545677,0.10555320894930136,1.762831214132445
clip_b16,rand,0,cls,standardized,0,40,0.11669383173996936,0.09660894340343884,,,,,1.762831214132445
clip_b16,rand,0,cls,pca_whitened,40,40,0.11669383173996936,0.02847413188989778,,,,,1.762831214132445
clip_b16,rand,1,cls,raw,0,40,0.11208649125253578,0.10549149056587159,0.09667162429834829,0.1153228600654212,0.9958664183796639,0.10592935821403913,1.8458045641082756
clip_b16,rand,1,cls,standardized,0,40,0.11208649125253578,0.09731808297453826,,,,,1.8458045641082756
clip_b16,rand,1,cls,pca_whitened,40,40,0.11208649125253578,0.027711829402137345,,,,,1.8458045641082756
clip_b16,rand,2,cls,raw,0,40,0.11454470919452764,0.10495558413490624,0.09665030869727803,0.1146043939044527,0.9958573030135061,0.10539219205131722,1.9536634756130906
clip_b16,rand,2,cls,standardized,0,40,0.11454470919452764,0.0958146161363469,,,,,1.9536634756130906
clip_b16,rand,2,cls,pca_whitened,40,40,0.11454470919452764,0.027608982186438036,,,,,1.9536634756130906
clip_b16,rand,3,cls,raw,0,40,0.11717257826358604,0.10599453756648958,0.0971311725269416,0.11603081953572444,0.9958148905305471,0.10644000062101718,1.7745272050328147
clip_b16,rand,3,cls,standardized,0,40,0.11717257826358604,0.09748510349405493,,,,,1.7745272050328147
clip_b16,rand,3,cls,pca_whitened,40,40,0.11717257826358604,0.028521253680560354,,,,,1.7745272050328147
clip_b16,rand,4,cls,raw,0,40,0.11600120732727086,0.1083571953064717,0.09943099515301645,0.11852248913811238,0.9961291063287524,0.10877826440171359,1.8188414157643957
clip_b16,rand,4,cls,standardized,0,40,0.11600120732727086,0.09952545508713007,,,,,1.8188414157643957
clip_b16,rand,4,cls,pca_whitened,40,40,0.11600120732727086,0.02905358052653928,,,,,1.8188414157643957
