stage,pooling,style,instance,d1_raw,d1_ceiling,d1_normalized,alpha_d1,forward_r2,forward_r2_mean,alpha_forward,target_rank,S_at_r,C_at_r,C_k50,C_k90,n_train,n_test,content_overlap,d1_raw_mean_over_splits,d1_raw_std_over_splits,forward_r2_mean_over_splits,forward_r2_std_over_splits,d3_zero_shot_r2,d3_rho,d3_calibrated_r2,d3_in_support_r2,alpha_d3,fs_width,fs_pc1_share,fs_top12_share,fs_participation_ratio,fs_total_variance,fs_feature_norm_mean
svgworld,cls,island,pre,0.21240528619370025,0.609263907589398,0.34862607738262225,1.0,0.9194501248154338,0.9195462082177547,0.01,12,0.28867868035571576,0.8435613248292116,4,17,5000,5000,0,0.21279287331720714,0.0007009245546790929,0.9195578278184826,7.734826510718965e-05,-58.78256581240415,0.3807524380525966,0.1637481746633025,0.9195462082177547,0.01,768,0.14682583522452633,0.6103543953765547,20.140808716109756,1.828353795476644,13.81816961145082
svgworld,cls,island,rand42,0.025834222390783146,0.5177916787718474,0.04989308142622041,10.0,0.625284729136214,0.6260008922967724,0.001,12,0.032128084920240774,0.5357582666621076,11,57,5000,5000,0,0.025571345285223777,0.0008181580409349628,0.6282700109690327,0.0016701101199138855,-19686.512884352374,0.09261634435269583,0.013737496183739253,0.6260008922967724,0.001,768,0.12186806655519537,0.514731089274143,25.960001804616184,0.1315179619518162,27.712743898225412
svgworld,cls,island,rand43,0.027089442639666395,0.5192301644017013,0.05217232067185662,10.0,0.6107078850824792,0.6113982955632159,0.001,12,0.03234205110550059,0.5394004313949382,12,55,5000,5000,0,0.02638420141246107,0.0008136897819066695,0.6093953884065063,0.00144057368086954,-19825.418776438546,0.07650567017122253,0.011852102202094067,0.6113982955632159,0.001,768,0.13662878604437637,0.5174821010329609,25.508083230141278,0.09862213612786673,27.712752182588098
svgworld,cls,island,rand44,0.024374766338739806,0.5082748501026986,0.04795587728532074,10.0,0.6138624771339036,0.6145564208395311,0.001,12,0.026096614680896524,0.47335766780415395,14,59,5000,5000,0,0.024181655843716322,0.00046263365231069445,0.6160970031416897,0.002040109409552877,-103075.65694175586,0.0607311226533985,0.009633630549709763,0.6145564208395311,0.001,768,0.11521189832525573,0.5056491003336068,28.672042951169725,0.11827466678093997,27.712743242552957
svgworld,cls,island,rand45,0.023849416290726233,0.5177926939500545,0.04605977753140471,10.0,0.6120698514599527,0.6126275286128317,0.001,12,0.021724399345434464,0.4608441941694522,15,55,5000,5000,0,0.023574890184781937,0.000563237098332,0.6132940257150471,0.0008834442883500914,-52699.2539364782,0.06019333909758722,0.011124650769229824,0.6126275286128317,0.001,768,0.12257270731215585,0.5164013076078267,26.780976342965946,0.09809181098845066,27.712750419991533
svgworld,cls,island,rand46,0.027204808118821422,0.5268749786939061,0.051634276097643955,10.0,0.6128453692637478,0.6135248874232831,0.001,12,0.03650187053039955,0.5391269595003167,12,58,5000,5000,0,0.02674788521987024,0.0005487782789872887,0.6154732539652151,0.0014804621591557347,-27841.36491449989,0.07786058820569385,0.008563816938441318,0.6135248874232831,0.001,768,0.13820290117923173,0.5239782768480385,24.693547749676156,0.12817362913233943,27.71274849827385
svgworld,cls,western,pre,0.1618210484737832,0.5887335599533916,0.27486295920788706,1.0,0.897452618150712,0.897462017208265,0.1,12,0.22678014436638816,0.8047567125879251,4,23,5000,5000,0,0.1625384861165005,0.0010982476946836616,0.8975982688880467,0.0005381457047969458,-28.210923351321537,0.5334142109851313,0.31336813924677115,0.897462017208265,0.1,768,0.18735804535997105,0.5875303133485349,17.924885302854033,4.256843265073395,13.837365659440335
svgworld,cls,western,rand42,0.01967357601691555,0.5327622785153403,0.03692749432587516,10.0,0.6899726357921667,0.6900599037012318,0.001,12,0.018137418218927226,0.5196484451070699,11,71,5000,5000,0,0.019647522292083264,0.0006061993646395974,0.6913395767582091,0.0010595259368418567,-61428.789924200195,0.09732483649406254,0.019981539768892793,0.6900599037012318,0.001,768,0.12010082216347133,0.5301742187960774,26.714833537471797,0.14803284067144767,27.71274750385129
svgworld,cls,western,rand43,0.01886416478969566,0.49721374637884946,0.0379397491060559,10.0,0.6795523998847159,0.6798139854255133,0.001,12,0.013982707877112088,0.4609304309867091,16,78,5000,5000,0,0.01828604673805998,0.0006574007995232453,0.683320422669981,0.002523581699317019,-43379.02391165074,0.1263965607816206,0.025149977884151714,0.6798139854255133,0.001,768,0.10297054407346076,0.4960857496564133,31.091864253266213,0.10609406144722207,27.712754205243023
svgworld,cls,western,rand44,0.017742505049491708,0.5082671214766347,0.034907835466409055,10.0,0.678952528045556,0.679052101580479,0.001,12,0.015391568213083517,0.4776787833769154,15,77,5000,5000,0,0.01732791908103375,0.00047560981908667543,0.681678834193652,0.0016760441920642556,-86079.98788380144,0.0765946107791276,0.009987217413303598,0.679052101580479,0.001,768,0.10458949257242224,0.5065378921552905,30.056346661991192,0.09528528756920163,27.712753469518955
svgworld,cls,western,rand45,0.01768532121373656,0.5158142619736987,0.03428621990029103,100.0,0.6786007803388229,0.6786523362310509,0.001,12,0.01506686099629484,0.4729887396169139,15,76,5000,5000,0,0.017336785796995734,0.0005197515838268533,0.6783648042078838,0.0012396941800755172,-53612.88222665243,0.08768816823647312,0.009545865212475838,0.6786523362310509,0.001,768,0.10131133995411482,0.5140071580963443,30.513804322079256,0.12113706574410893,27.712745644451648
svgworld,cls,western,rand46,0.019096256076268303,0.5143397766915999,0.03712770612279223,10.0,0.6858048798165939,0.6858628001323243,0.001,12,0.015945688825023896,0.43582264015609423,19,73,5000,5000,0,0.018602472976327066,0.0003442261496379967,0.6871195992852387,0.0015210111803092932,-97394.90715046246,0.10612091154611124,0.022700883054214905,0.6858628001323243,0.001,768,0.1079894066262944,0.5124934623143447,30.075532790153993,0.12296719662848271,27.712750246006774
svgworld,patches_mean,island,pre,0.27647429830816683,0.6158546190409274,0.4489278634277701,1.0,0.9378229969336299,0.9377931526425377,0.001,12,0.2845441263122781,0.8548572295861679,2,16,5000,5000,0,0.27762845927192953,0.0012303692179185656,0.9380913083374702,0.00024867701808566674,-33.914115809213015,0.5624814645012575,0.3436235282883411,0.9377931526425377,0.001,768,0.20204097157596923,0.6165085018928687,15.131428972716712,0.20252329435453412,8.243948135773032
svgworld,patches_mean,island,rand42,0.0283788880507152,0.5063268029181477,0.05604855971905344,10.0,0.5773254210113408,0.5780554187627279,0.001,12,0.03024613432643808,0.5010441350535431,12,55,5000,5000,0,0.02769083070035836,0.0007930734800547881,0.5771348946068313,0.0010328245036207192,-49532.229791756465,0.11750414317038937,0.028996276327411797,0.5780554187627279,0.001,768,0.12294262313318718,0.5033299064832996,27.404897650879043,0.06331551730522685,22.2353415261593
svgworld,patches_mean,island,rand43,0.029775531251575393,0.5168278949159908,0.05761208236721692,10.0,0.5559048630378249,0.5565652674781962,0.001,12,0.025359764101966054,0.47933831587753445,14,52,5000,5000,0,0.02903308146828256,0.0006112248071593391,0.5573449682499685,0.001117715385639891,-23794.727605326534,0.14445831142884472,0.037875512950066664,0.5565652674781962,0.001,768,0.14183077278294617,0.5141679298381018,24.931493900429928,0.05085172556829914,23.150807593409876
svgworld,patches_mean,island,rand44,0.02623802593606639,0.5092328034325703,0.051524618522617784,10.0,0.5572860246847757,0.5580039950314205,0.001,12,0.036681823171581085,0.5284837553806458,12,56,5000,5000,0,0.02576243197926531,0.00046067448098864437,0.5605605741447726,0.002421638107965416,-36770.22229403067,0.14239272080551543,0.04599472951406333,0.5580039950314205,0.001,768,0.1248488455663069,0.5065006803409087,27.318654671914064,0.05801677676555832,22.451314360555862
svgworld,patches_mean,island,rand45,0.025023812835973436,0.5056303059236907,0.049490334228008095,10.0,0.563415392399462,0.5640874388672299,0.001,12,0.021621302496842576,0.43846150893741787,14,57,5000,5000,0,0.02477459683169638,0.00040188250657795124,0.5626555678657136,0.0012153174023671117,-67397.62975100079,0.11806501822821508,0.029350590469122667,0.5640874388672299,0.001,768,0.12164679573556574,0.5037275039090505,27.343478336211156,0.0496627699387158,22.685657492163983
svgworld,patches_mean,island,rand46,0.026924312092633018,0.5002236278624769,0.05382455084675676,10.0,0.5625186474606171,0.5631773255492939,0.001,12,0.0305973018941611,0.4531649430563646,14,56,5000,5000,0,0.026593568264915036,0.0003573887714389424,0.5653198220687543,0.0014512003154388338,-70899.90380173785,0.13364275108377563,0.02829222706843761,0.5631773255492939,0.001,768,0.11914591107471358,0.49746854408402114,28.92652215732672,0.04940887049944231,22.719450006595277
svgworld,patches_mean,western,pre,0.29028200526838366,0.5835781067029097,0.49741757261665337,1.0,0.9127411428330224,0.9126693223295645,0.001,12,0.2725369451954144,0.884785647736526,1,14,5000,5000,0,0.2902978679490095,0.001173681960301601,0.9126606785778204,0.0003344770957307939,-39.39526618097306,0.5840534682203187,0.35950309939584174,0.9126693223295645,0.001,768,0.22733653818961408,0.5819243171362152,14.533067978038332,0.3627994508324932,8.37346801662484
svgworld,patches_mean,western,rand42,0.020831719881942434,0.5190254232111818,0.040136222524626494,10.0,0.5961698099223299,0.5965791018812684,0.001,12,0.018304314843242353,0.4981435625973952,13,62,5000,5000,0,0.0206382896744453,0.0005919756616696672,0.597073819857504,0.0016014717308430815,-13883.965389693838,0.17350479571528796,0.05004752078813631,0.5965791018812684,0.001,768,0.11288680621409257,0.5171983797380024,28.439840788848997,0.07415676182615714,23.635925488314893
svgworld,patches_mean,western,rand43,0.01963108271346392,0.5088745186165536,0.03857745278115665,10.0,0.585147164750574,0.5855758904273314,0.001,12,0.016755826109390304,0.5046309414546546,12,70,5000,5000,0,0.019047399167681767,0.0006366489588680083,0.5883871234402402,0.00207218560134603,-45669.29061135513,0.20906912145137133,0.07353385085342921,0.5855758904273314,0.001,768,0.12017966025718145,0.5079530909266329,28.46442167521037,0.06749155806370448,23.975252090837962
svgworld,patches_mean,western,rand44,0.018480641396382058,0.5037925511978546,0.0366830381918929,10.0,0.5893226549232635,0.58969092066765,0.001,12,0.013532621809322132,0.44859996799673924,13,68,5000,5000,0,0.01786302419712573,0.00048487963136509293,0.5896606923368597,0.0012425187032144064,-57800.949901517706,0.19048624675605916,0.05723014108498825,0.58969092066765,0.001,768,0.10632674795240736,0.5013553938339996,30.570499732302757,0.058989641017130945,24.062769371279202
svgworld,patches_mean,western,rand45,0.016281894153033494,0.5038005831716091,0.03231813280273121,100.0,0.5858581464555752,0.5861855328770991,0.001,12,0.01291306141049453,0.44447647375003874,17,72,5000,5000,0,0.016050358838546754,0.00047081121943419094,0.5885664603200758,0.0016796066217218992,-61080.529545709986,0.15610976561464165,0.045427879738288296,0.5861855328770991,0.001,768,0.10283596366657272,0.5020713653546091,31.279790793411536,0.0643750793642282,23.57863377352959
svgworld,patches_mean,western,rand46,0.019843598739642476,0.4966328237063383,0.039956277137606404,10.0,0.5941077543445734,0.594482028322536,0.001,12,0.01807008477310834,0.432102873657737,16,70,5000,5000,0,0.01962137430019688,0.0004182080340991824,0.5955619551908207,0.0009564819447835061,-25528.11865460599,0.20122283532489504,0.07175110150994239,0.594482028322536,0.001,768,0.10617472163489633,0.4942679581756273,31.63821477880013,0.05775462422002041,23.925455482311666
