lane,condition,block,split_seed,n_train,n_test,width,alpha,target_rank,d1_raw,ceiling,d1_normalized,pc1_share,top12_share,top64_share
svgworld_pil,clip_b16|pre|island,pooled,0,5000,5000,768,1.0,12,0.2150267711203554,0.6368165729545747,0.3376588805198913,0.22662797526999232,0.6368165729545747,0.8969759968816207
svgworld_pil,clip_b16|pre|island,pooled,1,5000,5000,768,1.0,12,0.21569408303094528,0.6379097162922761,0.33812634848176387,0.22779522365975466,0.6379097162922761,0.8968638594517484
svgworld_pil,clip_b16|pre|island,pooled,2,5000,5000,768,1.0,12,0.2147404402388653,0.6371420759041646,0.33703697865837595,0.22461684189082393,0.6371420759041646,0.8965927215607614
svgworld_pil,clip_b16|pre|island,pooled,3,5000,5000,768,1.0,12,0.21748925051211088,0.6376496655090131,0.34107953360015786,0.22484428331742326,0.6376496655090131,0.8968062204815335
svgworld_pil,clip_b16|pre|island,pooled,4,5000,5000,768,1.0,12,0.22087068037797886,0.6392113121206217,0.3455362509859646,0.2255717851865973,0.6392113121206217,0.8971013427400432
svgworld_pil,clip_b16|pre|western,pooled,0,5000,5000,768,10.0,12,0.13188983318057612,0.6454885036605973,0.20432561142858835,0.2021498395354184,0.6454885036605973,0.8998765055811769
svgworld_pil,clip_b16|pre|western,pooled,1,5000,5000,768,10.0,12,0.1318941629926189,0.6461092208098502,0.20413601716951094,0.20511246049121135,0.6461092208098502,0.8998689073610042
svgworld_pil,clip_b16|pre|western,pooled,2,5000,5000,768,10.0,12,0.131738204552462,0.6483762617659665,0.20318172073982146,0.2041566699731343,0.6483762617659665,0.9004181669711873
svgworld_pil,clip_b16|pre|western,pooled,3,5000,5000,768,10.0,12,0.1310909554544426,0.6462256239095873,0.20285632541365056,0.20443442798822734,0.6462256239095873,0.9000946998999781
svgworld_pil,clip_b16|pre|western,pooled,4,5000,5000,768,10.0,12,0.13270117946904492,0.646099859584879,0.20538803328994035,0.20534453031205088,0.646099859584879,0.9001867429108743
svgworld_pil,clip_b16|rand|island,pooled,0,5000,5000,768,10.0,12,0.023498251400640213,0.507789879883386,0.04627554098958528,0.1179471602658425,0.507789879883386,0.856078880260227
svgworld_pil,clip_b16|rand|island,pooled,1,5000,5000,768,10.0,12,0.0230409325933999,0.5051371988063085,0.04561321686038567,0.1169997543905748,0.5051371988063085,0.855027388915421
svgworld_pil,clip_b16|rand|island,pooled,2,5000,5000,768,10.0,12,0.022950071235373404,0.5059247782029787,0.04536261559849073,0.11456162595347477,0.5059247782029787,0.8557675494216748
svgworld_pil,clip_b16|rand|island,pooled,3,5000,5000,768,10.0,12,0.021386719237023954,0.5054913268075052,0.04230877584407729,0.11641202036545999,0.5054913268075052,0.8560355524161221
svgworld_pil,clip_b16|rand|island,pooled,4,5000,5000,768,10.0,12,0.023822266869004682,0.5073202506943381,0.04695705885266872,0.11771018780520472,0.5073202506943381,0.855902010153381
svgworld_pil,clip_b16|rand|western,pooled,0,5000,5000,768,100.0,12,0.017012690720321855,0.5176239460905213,0.03286689274871124,0.10896964671984782,0.5176239460905213,0.8640833741525369
svgworld_pil,clip_b16|rand|western,pooled,1,5000,5000,768,100.0,12,0.017016365668085065,0.5176846182874023,0.03287013959267013,0.10697949844257242,0.5176846182874023,0.8641245723848925
svgworld_pil,clip_b16|rand|western,pooled,2,5000,5000,768,100.0,12,0.01643160731443183,0.5159294422971227,0.031848555184739585,0.10509632099030401,0.5159294422971227,0.8639012703941291
svgworld_pil,clip_b16|rand|western,pooled,3,5000,5000,768,10.0,12,0.015825780111721532,0.5157026822612323,0.030687798718302746,0.10812818231317774,0.5157026822612323,0.8642783405639902
svgworld_pil,clip_b16|rand|western,pooled,4,5000,5000,768,100.0,12,0.017385027788488938,0.5183430870917464,0.03353961540421161,0.11021338759198893,0.5183430870917464,0.8646995540936437
svgworld_pil,deit_b16|pre|island,pooled,0,5000,5000,768,1.0,12,0.1812740135473776,0.7093952033281233,0.2555331819230404,0.292630014601263,0.7093952033281233,0.9212765059558603
svgworld_pil,deit_b16|pre|island,pooled,1,5000,5000,768,1.0,12,0.18078990850224186,0.7127441610132501,0.25365330000771613,0.2955345270309726,0.7127441610132501,0.9217598615840796
svgworld_pil,deit_b16|pre|island,pooled,2,5000,5000,768,1.0,12,0.18432425844105538,0.7116096545450504,0.2590243924654148,0.2973304685209451,0.7116096545450504,0.9213468862972253
svgworld_pil,deit_b16|pre|island,pooled,3,5000,5000,768,1.0,12,0.18372665398117916,0.7103606498420163,0.25863855778334544,0.29864080552995337,0.7103606498420163,0.9211615722231936
svgworld_pil,deit_b16|pre|island,pooled,4,5000,5000,768,1.0,12,0.18359236010940028,0.7152282868310087,0.25669057486924973,0.3028962816130348,0.7152282868310087,0.9225388825728245
svgworld_pil,deit_b16|pre|western,pooled,0,5000,5000,768,1.0,12,0.18985867460576267,0.6836774332106784,0.27770212293559327,0.20606903927438774,0.6836774332106784,0.9060183746195383
svgworld_pil,deit_b16|pre|western,pooled,1,5000,5000,768,1.0,12,0.1875226494489366,0.684675442114669,0.27388546151116433,0.20681392656448885,0.684675442114669,0.9063612412378482
svgworld_pil,deit_b16|pre|western,pooled,2,5000,5000,768,1.0,12,0.18670164299518166,0.6850538583663837,0.2725357148420424,0.21110467884387982,0.6850538583663837,0.9060817172477442
svgworld_pil,deit_b16|pre|western,pooled,3,5000,5000,768,1.0,12,0.18932242088250328,0.6848488840487691,0.2764440817414274,0.20539361679595508,0.6848488840487691,0.9063995057385241
svgworld_pil,deit_b16|pre|western,pooled,4,5000,5000,768,1.0,12,0.19090816027640944,0.6847698490719598,0.27879171452297347,0.20895597875145921,0.6847698490719598,0.9061471652533565
svgworld_pil,deit_b16|rand|island,pooled,0,5000,5000,768,10.0,12,0.024806239020766507,0.5329267732226706,0.04654718108974011,0.12056381344966302,0.5329267732226706,0.8980133762631864
svgworld_pil,deit_b16|rand|island,pooled,1,5000,5000,768,10.0,12,0.02452376592361305,0.5311451512681654,0.04617149542843412,0.11987737465384311,0.5311451512681654,0.897604772692552
svgworld_pil,deit_b16|rand|island,pooled,2,5000,5000,768,10.0,12,0.02370102972198973,0.5327088130556424,0.04449152922032494,0.119361183672735,0.5327088130556424,0.8978227125675583
svgworld_pil,deit_b16|rand|island,pooled,3,5000,5000,768,10.0,12,0.02374497485933391,0.5310021908622081,0.04471728227858779,0.11965427242352777,0.5310021908622081,0.8977150452605767
svgworld_pil,deit_b16|rand|island,pooled,4,5000,5000,768,10.0,12,0.024592708459593937,0.5325319475731657,0.046180719432264844,0.11933332579457054,0.5325319475731657,0.8978092233022432
svgworld_pil,deit_b16|rand|western,pooled,0,5000,5000,768,100.0,12,0.016793969414647725,0.5437942086277257,0.03088295010906351,0.10398932887582342,0.5437942086277257,0.8990173896779143
svgworld_pil,deit_b16|rand|western,pooled,1,5000,5000,768,100.0,12,0.01649020675817736,0.5421829463948085,0.030414469632118364,0.1035341760284954,0.5421829463948085,0.898656876917598
svgworld_pil,deit_b16|rand|western,pooled,2,5000,5000,768,100.0,12,0.015968602846857083,0.5416548692584019,0.029481139657657356,0.10144064536093594,0.5416548692584019,0.899034402807908
svgworld_pil,deit_b16|rand|western,pooled,3,5000,5000,768,100.0,12,0.01570895347180712,0.543141170125963,0.028922413427367264,0.1046576000178436,0.543141170125963,0.8990387594547045
svgworld_pil,deit_b16|rand|western,pooled,4,5000,5000,768,100.0,12,0.016713009707840953,0.5424199077079714,0.030811940104600512,0.10510690251337396,0.5424199077079714,0.8991203353023558
svgworld_pil,dinov2_b14|pre|island,pooled,0,5000,5000,768,1.0,12,0.21812623064594105,0.6622524479934703,0.3293702141937447,0.24064906265182562,0.6622524479934703,0.904295391502961
svgworld_pil,dinov2_b14|pre|island,pooled,1,5000,5000,768,1.0,12,0.2184899973489891,0.6591334473450648,0.33148067091580435,0.24224853872330399,0.6591334473450648,0.90361111316051
svgworld_pil,dinov2_b14|pre|island,pooled,2,5000,5000,768,1.0,12,0.21871915487610571,0.6596839599278665,0.331551421835422,0.23734657513377275,0.6596839599278665,0.903864861275664
svgworld_pil,dinov2_b14|pre|island,pooled,3,5000,5000,768,1.0,12,0.2212646929350044,0.6605414405620222,0.33497473337439837,0.2380281565751217,0.6605414405620222,0.9037058498530832
svgworld_pil,dinov2_b14|pre|island,pooled,4,5000,5000,768,1.0,12,0.22189504541104188,0.6603341104325609,0.3360345042083113,0.24143494259872883,0.6603341104325609,0.9039389805837087
svgworld_pil,dinov2_b14|pre|western,pooled,0,5000,5000,768,1.0,12,0.22923432881695205,0.6101409809506932,0.3757071496160933,0.23440770974319122,0.6101409809506932,0.8805483935555087
svgworld_pil,dinov2_b14|pre|western,pooled,1,5000,5000,768,1.0,12,0.2269140068885246,0.6079584818289308,0.3732393143128717,0.2331532123198485,0.6079584818289308,0.8799440759089003
svgworld_pil,dinov2_b14|pre|western,pooled,2,5000,5000,768,1.0,12,0.22966615775949728,0.6089555977343137,0.3771476255641552,0.23378550865893635,0.6089555977343137,0.8800603114249028
svgworld_pil,dinov2_b14|pre|western,pooled,3,5000,5000,768,1.0,12,0.22889362009588832,0.6077145780822996,0.37664658435244985,0.23321619653109865,0.6077145780822996,0.88012100298349
svgworld_pil,dinov2_b14|pre|western,pooled,4,5000,5000,768,1.0,12,0.2295945855054874,0.6099679164029214,0.3764043637892358,0.23506033534802875,0.6099679164029214,0.8805345977838186
svgworld_pil,dinov2_b14|rand|island,pooled,0,5000,5000,768,10.0,12,0.030166553313971445,0.610966799582129,0.04937511061911036,0.1948977263633511,0.610966799582129,0.9124731905345365
svgworld_pil,dinov2_b14|rand|island,pooled,1,5000,5000,768,10.0,12,0.03101097709114975,0.6108940286441498,0.050763267665223606,0.1953506812812106,0.6108940286441498,0.9127806321656011
svgworld_pil,dinov2_b14|rand|island,pooled,2,5000,5000,768,10.0,12,0.029354408131244458,0.6122374481844931,0.04794611668771808,0.19815575642265557,0.6122374481844931,0.9128468609440066
svgworld_pil,dinov2_b14|rand|island,pooled,3,5000,5000,768,10.0,12,0.02934286428630606,0.6120923500270972,0.04793862279933258,0.1986928764507831,0.6120923500270972,0.9130370350575941
svgworld_pil,dinov2_b14|rand|island,pooled,4,5000,5000,768,10.0,12,0.030299456092493626,0.6119422680495528,0.0495135859614131,0.19556390087091943,0.6119422680495528,0.9128615739465018
svgworld_pil,dinov2_b14|rand|western,pooled,0,5000,5000,768,10.0,12,0.025856251548814213,0.5930854826978202,0.04359616329032301,0.1851809049123502,0.5930854826978202,0.9065960998678301
svgworld_pil,dinov2_b14|rand|western,pooled,1,5000,5000,768,10.0,12,0.02691847968467198,0.595834322967819,0.04517779296532041,0.18799718877342894,0.595834322967819,0.9071425588009563
svgworld_pil,dinov2_b14|rand|western,pooled,2,5000,5000,768,10.0,12,0.02502327627945855,0.5946923227452693,0.04207768508586755,0.19001386007799842,0.5946923227452693,0.907111063540339
svgworld_pil,dinov2_b14|rand|western,pooled,3,5000,5000,768,10.0,12,0.02503569799135319,0.5956289714394474,0.04203237114348183,0.1914154191143055,0.5956289714394474,0.9070549980866054
svgworld_pil,dinov2_b14|rand|western,pooled,4,5000,5000,768,10.0,12,0.026462874731744468,0.5941671674557212,0.04453776004665648,0.1883160646243344,0.5941671674557212,0.906754513819789
svgworld_pil,dinov3_b16|pre|island,patches_mean,0,5000,5000,768,1.0,12,0.27647429830816683,0.6158546190409271,0.4489278634277703,0.20390521330447983,0.6158546190409271,0.8800614179428679
svgworld_pil,dinov3_b16|pre|island,patches_mean,1,5000,5000,768,1.0,12,0.2767024186223366,0.6182334624464861,0.4475694627194136,0.2040650731068199,0.6182334624464861,0.8803607356879289
svgworld_pil,dinov3_b16|pre|island,patches_mean,2,5000,5000,768,1.0,12,0.2769704616724866,0.6164405941808727,0.44930600659180375,0.19979196835783306,0.6164405941808727,0.8795829782570104
svgworld_pil,dinov3_b16|pre|island,patches_mean,3,5000,5000,768,1.0,12,0.27977137246753425,0.618685466700104,0.4522029165478168,0.2064665643029827,0.618685466700104,0.8804941348321527
svgworld_pil,dinov3_b16|pre|island,patches_mean,4,5000,5000,768,1.0,12,0.2782237452891235,0.6171197713991289,0.4508423780659902,0.20137006109156916,0.6171197713991289,0.8801229477440776
svgworld_pil,dinov3_b16|pre|island,pooled,0,5000,5000,768,1.0,12,0.21240528619370025,0.609263907589398,0.34862607738262225,0.14770170118949896,0.609263907589398,0.8798704920352534
svgworld_pil,dinov3_b16|pre|island,pooled,1,5000,5000,768,1.0,12,0.2130028472665889,0.6112789847432607,0.3484543924834106,0.14544117625661163,0.6112789847432607,0.8802892015662092
svgworld_pil,dinov3_b16|pre|island,pooled,2,5000,5000,768,1.0,12,0.2126009269481408,0.6118795395144613,0.34745552550563125,0.1481842212752968,0.6118795395144613,0.8805182657915589
svgworld_pil,dinov3_b16|pre|island,pooled,3,5000,5000,768,1.0,12,0.21193913665117337,0.6115813911019748,0.34654281463550074,0.1459590641850005,0.6115813911019748,0.8804534125437841
svgworld_pil,dinov3_b16|pre|island,pooled,4,5000,5000,768,1.0,12,0.21401616952643232,0.6129375967983962,0.34916469579337167,0.14829547791995484,0.6129375967983962,0.8809544654261751
svgworld_pil,dinov3_b16|pre|western,patches_mean,0,5000,5000,768,1.0,12,0.29028200526838366,0.5835781067029097,0.49741757261665337,0.22998493226891456,0.5835781067029097,0.8613232895980095
svgworld_pil,dinov3_b16|pre|western,patches_mean,1,5000,5000,768,1.0,12,0.29018048647587036,0.585144216940399,0.4959127648789995,0.2281165414592774,0.585144216940399,0.8613666143046184
svgworld_pil,dinov3_b16|pre|western,patches_mean,2,5000,5000,768,1.0,12,0.29242209754566206,0.5853075736361338,0.4996041580822788,0.2302773714799314,0.5853075736361338,0.8617482864372663
svgworld_pil,dinov3_b16|pre|western,patches_mean,3,5000,5000,768,1.0,12,0.28973783693002964,0.5846802391121191,0.4955492208356799,0.22969522723255192,0.5846802391121191,0.8621539994285212
svgworld_pil,dinov3_b16|pre|western,patches_mean,4,5000,5000,768,1.0,12,0.2888669135251021,0.5819009457681951,0.4964193916951882,0.22573641660369373,0.5819009457681951,0.8605979493282223
svgworld_pil,dinov3_b16|pre|western,pooled,0,5000,5000,768,1.0,12,0.16182104847378342,0.5887335599533915,0.2748629592078875,0.1894234402157577,0.5887335599533915,0.8611694504108766
svgworld_pil,dinov3_b16|pre|western,pooled,1,5000,5000,768,1.0,12,0.16378010181415104,0.5903255467356958,0.27744030852095186,0.18829404607430575,0.5903255467356958,0.861273127240856
svgworld_pil,dinov3_b16|pre|western,pooled,2,5000,5000,768,10.0,12,0.1637823473801191,0.5908748954198186,0.2771861669021345,0.18906520957816716,0.5908748954198186,0.8615528712484224
svgworld_pil,dinov3_b16|pre|western,pooled,3,5000,5000,768,1.0,12,0.16111561380986705,0.5898489623375569,0.2731472361524039,0.19154573882521717,0.5898489623375569,0.8618259939400842
svgworld_pil,dinov3_b16|pre|western,pooled,4,5000,5000,768,1.0,12,0.16210862268664006,0.5881006515413111,0.2756477522372763,0.18659275722834143,0.5881006515413111,0.8604694417421066
svgworld_pil,dinov3_b16|rand|island,patches_mean,0,5000,5000,768,10.0,12,0.0283788880507152,0.5063268029181478,0.056048559719053426,0.12364874733287538,0.5063268029181478,0.8671715903768286
svgworld_pil,dinov3_b16|rand|island,patches_mean,1,5000,5000,768,10.0,12,0.02826888978989417,0.5038863282566457,0.056101720179031936,0.12191118077926887,0.5038863282566457,0.8664775341155723
svgworld_pil,dinov3_b16|rand|island,patches_mean,2,5000,5000,768,10.0,12,0.027128336393441477,0.5052189299928067,0.053696199376036306,0.11983224638607975,0.5052189299928067,0.8668125189836654
svgworld_pil,dinov3_b16|rand|island,patches_mean,3,5000,5000,768,10.0,12,0.026397395877496566,0.5037977622855742,0.0523968104934404,0.1242912942738347,0.5037977622855742,0.866757996138554
svgworld_pil,dinov3_b16|rand|island,patches_mean,4,5000,5000,768,10.0,12,0.028280643390244387,0.5054310579632587,0.055953513233253246,0.1254576095328384,0.5054310579632587,0.8667176004322845
svgworld_pil,dinov3_b16|rand|island,pooled,0,5000,5000,768,10.0,12,0.025834222390783146,0.5177916787718475,0.049893081426220405,0.12200271324212265,0.5177916787718475,0.8706755756890312
svgworld_pil,dinov3_b16|rand|island,pooled,1,5000,5000,768,10.0,12,0.026397000816436034,0.5155532334391079,0.051201309785895835,0.12124219158789949,0.5155532334391079,0.8702889611690503
svgworld_pil,dinov3_b16|rand|island,pooled,2,5000,5000,768,10.0,12,0.025589233550868618,0.5158739942520456,0.04960365096125825,0.12059753201518643,0.5158739942520456,0.8706859161984026
svgworld_pil,dinov3_b16|rand|island,pooled,3,5000,5000,768,10.0,12,0.024022218704468412,0.516286315570981,0.046528869698785856,0.12349216131503936,0.516286315570981,0.8706589450836661
svgworld_pil,dinov3_b16|rand|island,pooled,4,5000,5000,768,10.0,12,0.026014050963562796,0.516531402297408,0.050362961182724854,0.12449181836578314,0.516531402297408,0.8702071958804292
svgworld_pil,dinov3_b16|rand|western,patches_mean,0,5000,5000,768,10.0,12,0.020831719881942434,0.519025423211182,0.04013622252462649,0.11237827212691719,0.519025423211182,0.8712601792390782
svgworld_pil,dinov3_b16|rand|western,patches_mean,1,5000,5000,768,10.0,12,0.0212352701653018,0.5184548247238352,0.04095876661310495,0.11165717538968645,0.5184548247238352,0.8706977725151265
svgworld_pil,dinov3_b16|rand|western,patches_mean,2,5000,5000,768,10.0,12,0.020034527853782347,0.5170743002607011,0.038745936210098315,0.1103415593526927,0.5170743002607011,0.870845661997321
svgworld_pil,dinov3_b16|rand|western,patches_mean,3,5000,5000,768,10.0,12,0.019846242210879494,0.5172978030602462,0.038365216502897335,0.11361890978339437,0.5172978030602462,0.870801276797729
svgworld_pil,dinov3_b16|rand|western,patches_mean,4,5000,5000,768,10.0,12,0.021243688260320193,0.5191300249733625,0.04092170985758384,0.11561125299408323,0.5191300249733625,0.8710099513035021
svgworld_pil,dinov3_b16|rand|western,pooled,0,5000,5000,768,10.0,12,0.01967357601691555,0.5327622785153404,0.03692749432587515,0.11987367720852221,0.5327622785153404,0.8752072112021715
svgworld_pil,dinov3_b16|rand|western,pooled,1,5000,5000,768,10.0,12,0.020172838609787025,0.5307250428034063,0.03800996181229674,0.11922358718278087,0.5307250428034063,0.8750339920797318
svgworld_pil,dinov3_b16|rand|western,pooled,2,5000,5000,768,10.0,12,0.019044084496077973,0.5308341824186251,0.035875768981771174,0.11737530894359964,0.5308341824186251,0.875102668381867
svgworld_pil,dinov3_b16|rand|western,pooled,3,5000,5000,768,10.0,12,0.018900490964872896,0.5309810941074136,0.035595412293623896,0.12159556343683463,0.5309810941074136,0.8750365024346993
svgworld_pil,dinov3_b16|rand|western,pooled,4,5000,5000,768,10.0,12,0.020446621372762652,0.5311682135447713,0.038493684018310034,0.12294805016255998,0.5311682135447713,0.8753459369949517
svgworld_pil,dinov3_l16|pre|island,pooled,0,5000,5000,1024,1.0,12,0.16398480109425373,0.6802216166529979,0.24107555108456288,0.3159204978463348,0.6802216166529979,0.8956081151103736
svgworld_pil,dinov3_l16|pre|island,pooled,1,5000,5000,1024,1.0,12,0.16112971242579666,0.6798716591589314,0.2370001900434121,0.3187661483660356,0.6798716591589314,0.8958192049858051
svgworld_pil,dinov3_l16|pre|island,pooled,2,5000,5000,1024,10.0,12,0.16468495209481393,0.6809201149147872,0.2418564945983762,0.3179368155151159,0.6809201149147872,0.8959481283420596
svgworld_pil,dinov3_l16|pre|island,pooled,3,5000,5000,1024,10.0,12,0.16181281032591566,0.680846453200749,0.23766417459503872,0.31866651894610976,0.680846453200749,0.8957829764850948
svgworld_pil,dinov3_l16|pre|island,pooled,4,5000,5000,1024,1.0,12,0.16113175015779868,0.6822710009946568,0.23616971837127898,0.31855040297210147,0.6822710009946568,0.896544646545679
svgworld_pil,dinov3_l16|pre|western,pooled,0,5000,5000,1024,1.0,12,0.1743338008217501,0.6254295565801019,0.27874250423184516,0.2862864399432641,0.6254295565801019,0.8747760264558941
svgworld_pil,dinov3_l16|pre|western,pooled,1,5000,5000,1024,1.0,12,0.17660334755275353,0.6248334189926192,0.28264068819731236,0.2845271083675189,0.6248334189926192,0.8742248158273891
svgworld_pil,dinov3_l16|pre|western,pooled,2,5000,5000,1024,1.0,12,0.17523535408309054,0.6264242818633986,0.27973908284944693,0.28414408281649967,0.6264242818633986,0.8747967632245244
svgworld_pil,dinov3_l16|pre|western,pooled,3,5000,5000,1024,1.0,12,0.17507575982974366,0.6254099965250053,0.27993757823271975,0.28624559016134543,0.6254099965250053,0.8743850267760622
svgworld_pil,dinov3_l16|pre|western,pooled,4,5000,5000,1024,1.0,12,0.17752378552193926,0.6275824317913354,0.2828692718743345,0.2868955367529629,0.6275824317913354,0.8749343242630687
svgworld_pil,dinov3_l16|rand|island,pooled,0,5000,5000,1024,10.0,12,0.02796018913312881,0.4959610706378295,0.056375773802509695,0.1257554928513072,0.4959610706378295,0.8544040312455383
svgworld_pil,dinov3_l16|rand|island,pooled,1,5000,5000,1024,10.0,12,0.026907520925759876,0.495033365151101,0.05435496437204144,0.12563268697717675,0.495033365151101,0.8536705026426538
svgworld_pil,dinov3_l16|rand|island,pooled,2,5000,5000,1024,10.0,12,0.02723275643931744,0.4936997279090663,0.055160566027967095,0.1257997124390111,0.4936997279090663,0.8536563153783931
svgworld_pil,dinov3_l16|rand|island,pooled,3,5000,5000,1024,10.0,12,0.026453541249928603,0.4953417190165321,0.05340463004499266,0.12514302909824915,0.4953417190165321,0.8542082254059564
svgworld_pil,dinov3_l16|rand|island,pooled,4,5000,5000,1024,10.0,12,0.02765702570042372,0.4959647685363886,0.05576409344970346,0.12503156609968183,0.4959647685363886,0.8542191631948838
svgworld_pil,dinov3_l16|rand|western,pooled,0,5000,5000,1024,10.0,12,0.020618488591788164,0.4976779489292965,0.04142937945341309,0.11279150450226304,0.4976779489292965,0.845845762473831
svgworld_pil,dinov3_l16|rand|western,pooled,1,5000,5000,1024,10.0,12,0.020294825463239796,0.4968826339162549,0.040844304223882986,0.11314752726245443,0.4968826339162549,0.8456397356509313
svgworld_pil,dinov3_l16|rand|western,pooled,2,5000,5000,1024,10.0,12,0.020106230589165386,0.4959926590022335,0.040537355189111474,0.11456798293691511,0.4959926590022335,0.8459043382200035
svgworld_pil,dinov3_l16|rand|western,pooled,3,5000,5000,1024,10.0,12,0.019838108544410038,0.49727929112311176,0.039893293162491066,0.11297056568893216,0.49727929112311176,0.8460139311047511
svgworld_pil,dinov3_l16|rand|western,pooled,4,5000,5000,1024,10.0,12,0.02070137899847946,0.4991456830341536,0.0414736212334686,0.11231956147000803,0.4991456830341536,0.8462374919891454
svgworld_pil,dinov3_s16|pre|island,pooled,0,5000,5000,384,1.0,12,0.2835170827390662,0.690967570237724,0.410318942525079,0.21071026167102969,0.690967570237724,0.9260183468373375
svgworld_pil,dinov3_s16|pre|island,pooled,1,5000,5000,384,1.0,12,0.2823476803534041,0.6880467595108825,0.4103611803275099,0.206512476016845,0.6880467595108825,0.9255140650158789
svgworld_pil,dinov3_s16|pre|island,pooled,2,5000,5000,384,1.0,12,0.2825788333971203,0.6907348419972514,0.40909885561881754,0.20883596940751778,0.6907348419972514,0.9261815334632797
svgworld_pil,dinov3_s16|pre|island,pooled,3,5000,5000,384,1.0,12,0.28369080476788067,0.690633322479949,0.4107690659193714,0.20790369523981123,0.690633322479949,0.9261044182073626
svgworld_pil,dinov3_s16|pre|island,pooled,4,5000,5000,384,1.0,12,0.28427873937556125,0.69235300787416,0.41059796973862633,0.20777507410227658,0.69235300787416,0.9263582559375196
svgworld_pil,dinov3_s16|pre|western,pooled,0,5000,5000,384,1.0,12,0.23400484083749318,0.6573568439630231,0.3559784050117171,0.2642888077289442,0.6573568439630231,0.9085663367586618
svgworld_pil,dinov3_s16|pre|western,pooled,1,5000,5000,384,1.0,12,0.23062055482960664,0.6552674476201725,0.3519487434744148,0.2629667421662696,0.6552674476201725,0.9082261908132188
svgworld_pil,dinov3_s16|pre|western,pooled,2,5000,5000,384,1.0,12,0.22851311799681429,0.6556928677025031,0.34850633467694486,0.25963361401940177,0.6556928677025031,0.908377275774824
svgworld_pil,dinov3_s16|pre|western,pooled,3,5000,5000,384,1.0,12,0.2291009824899224,0.6555840437167437,0.3494608886315564,0.2615957852038615,0.6555840437167437,0.908450680177801
svgworld_pil,dinov3_s16|pre|western,pooled,4,5000,5000,384,1.0,12,0.22926761319688294,0.6565728756432416,0.34918837146945864,0.2623671492003596,0.6565728756432416,0.9085844561531511
svgworld_pil,dinov3_s16|rand|island,pooled,0,5000,5000,384,10.0,12,0.02821702160196371,0.5505995387653246,0.05124781191287977,0.11746883618487985,0.5505995387653246,0.9234866740178987
svgworld_pil,dinov3_s16|rand|island,pooled,1,5000,5000,384,10.0,12,0.028486057982289537,0.5493068832952068,0.05185818501200293,0.11534831850230576,0.5493068832952068,0.9231095253097585
svgworld_pil,dinov3_s16|rand|island,pooled,2,5000,5000,384,10.0,12,0.02757158820633865,0.5482998901687971,0.050285598630797804,0.11479142658948398,0.5482998901687971,0.9231643848637243
svgworld_pil,dinov3_s16|rand|island,pooled,3,5000,5000,384,10.0,12,0.02676362124290088,0.5496132235286909,0.0486953735775678,0.11796789759778714,0.5496132235286909,0.9234181072118219
svgworld_pil,dinov3_s16|rand|island,pooled,4,5000,5000,384,10.0,12,0.02855207099990431,0.5512677315482462,0.05179347414316318,0.11902223334777891,0.5512677315482462,0.9231933753852937
svgworld_pil,dinov3_s16|rand|western,pooled,0,5000,5000,384,10.0,12,0.01851474467043379,0.563780864834755,0.032840321169574443,0.10208031028313135,0.563780864834755,0.9225785933302287
svgworld_pil,dinov3_s16|rand|western,pooled,1,5000,5000,384,10.0,12,0.01805848657803355,0.562573571726376,0.03209977767461999,0.10167947327525675,0.562573571726376,0.9226504050036098
svgworld_pil,dinov3_s16|rand|western,pooled,2,5000,5000,384,10.0,12,0.017423910756922623,0.5614667656013772,0.03103284437193745,0.10149974283807082,0.5614667656013772,0.9226045790410138
svgworld_pil,dinov3_s16|rand|western,pooled,3,5000,5000,384,10.0,12,0.018492751740778357,0.5613043656281029,0.03294603226555143,0.10139148157208824,0.5613043656281029,0.9224210472587875
svgworld_pil,dinov3_s16|rand|western,pooled,4,5000,5000,384,10.0,12,0.01965317084414342,0.5631851497257937,0.03489646496132267,0.10036658093735526,0.5631851497257937,0.9228137441283898
svgworld_pil,resnet50|pre|island,pooled,0,5000,5000,2048,1.0,12,0.2893475564768766,0.5592540302525015,0.5173812629409877,0.1173695875972942,0.5592540302525015,0.8541678413729886
svgworld_pil,resnet50|pre|island,pooled,1,5000,5000,2048,1.0,12,0.29557599520307765,0.5600465522258934,0.5277704041357223,0.11829651498489503,0.5600465522258934,0.8543582658764652
svgworld_pil,resnet50|pre|island,pooled,2,5000,5000,2048,1.0,12,0.29045073101723584,0.5597361458001844,0.5189065119280709,0.1171324812098946,0.5597361458001844,0.8542460797786012
svgworld_pil,resnet50|pre|island,pooled,3,5000,5000,2048,1.0,12,0.2917303302788856,0.560025530775044,0.5209232691144404,0.11810555883175942,0.560025530775044,0.8544662110763328
svgworld_pil,resnet50|pre|island,pooled,4,5000,5000,2048,1.0,12,0.2939304798755832,0.5603883068073315,0.5245121575612036,0.11676950962940674,0.5603883068073315,0.8545937227066264
svgworld_pil,resnet50|pre|western,pooled,0,5000,5000,2048,1.0,12,0.3582302022017433,0.6217584816342766,0.5761565186214174,0.23062544068276664,0.6217584816342766,0.8634230808006575
svgworld_pil,resnet50|pre|western,pooled,1,5000,5000,2048,1.0,12,0.3586691512833864,0.6232058587458109,0.5755227526345801,0.2278943286759738,0.6232058587458109,0.8633980908925815
svgworld_pil,resnet50|pre|western,pooled,2,5000,5000,2048,1.0,12,0.35741114122495743,0.6199040694560622,0.57655879165073,0.229065641554078,0.6199040694560622,0.8626502176090189
svgworld_pil,resnet50|pre|western,pooled,3,5000,5000,2048,1.0,12,0.35951877268184285,0.6220280881830751,0.5779783574275338,0.23198170647404653,0.6220280881830751,0.8633063198533489
svgworld_pil,resnet50|pre|western,pooled,4,5000,5000,2048,1.0,12,0.35804484544476445,0.6206844801458995,0.5768548383239768,0.22794061151586353,0.6206844801458995,0.8634268304757368
svgworld_pil,resnet50|rand|island,pooled,0,5000,5000,2048,1.0,12,0.20134906624225224,0.4308197886273959,0.467362622510345,0.13571198405237225,0.4308197886273959,0.7697604563995164
svgworld_pil,resnet50|rand|island,pooled,1,5000,5000,2048,1.0,12,0.20327113271747477,0.4337113605546198,0.4686783681606506,0.1390926225996202,0.4337113605546198,0.7712270049624869
svgworld_pil,resnet50|rand|island,pooled,2,5000,5000,2048,1.0,12,0.20119474645736102,0.4301977814159528,0.4676796467781603,0.13510623884168604,0.4301977814159528,0.7699619714739664
svgworld_pil,resnet50|rand|island,pooled,3,5000,5000,2048,1.0,12,0.20193703339836033,0.43198483759520456,0.46746324366964775,0.13694601419078575,0.43198483759520456,0.7707942470664763
svgworld_pil,resnet50|rand|island,pooled,4,5000,5000,2048,1.0,12,0.20196314875777588,0.43099995166753063,0.4685920450254908,0.13595262297045654,0.43099995166753063,0.770416185937139
svgworld_pil,resnet50|rand|western,pooled,0,5000,5000,2048,1.0,12,0.23575724760378525,0.4666793640691395,0.5051803566974462,0.1665984935325973,0.4666793640691395,0.7675880421824925
svgworld_pil,resnet50|rand|western,pooled,1,5000,5000,2048,1.0,12,0.23783474414363626,0.46837219451563256,0.5077900586937985,0.16962116172508307,0.46837219451563256,0.7692102649798982
svgworld_pil,resnet50|rand|western,pooled,2,5000,5000,2048,1.0,12,0.23744155571279524,0.4668155018508921,0.5086411114698536,0.16885314621917516,0.4668155018508921,0.7679630138830387
svgworld_pil,resnet50|rand|western,pooled,3,5000,5000,2048,1.0,12,0.23699252318823338,0.4674810944409562,0.5069563796406445,0.16820833228964593,0.4674810944409562,0.7681903828737151
svgworld_pil,resnet50|rand|western,pooled,4,5000,5000,2048,1.0,12,0.23786851408912912,0.4677934863061344,0.5084904365971926,0.16823713830860335,0.4677934863061344,0.7678764489154812
